ITEM_ID,USER_ID,EVENT_TYPE,TIMESTAMP,DISCOUNT
49c8a5bf-2e7b-4072-b0cd-f8f831f84ebc,3156,ProductViewed,1591803788,No
49c8a5bf-2e7b-4072-b0cd-f8f831f84ebc,3156,ProductViewed,1591803788,No
f99e3fe4-6d50-470b-9925-6801020b262a,332,ProductViewed,1591803812,Yes
f99e3fe4-6d50-470b-9925-6801020b262a,332,ProductViewed,1591803812,Yes
80cfb14b-83e4-4ccc-8062-f282c7646c15,3981,ProductViewed,1591803830,Yes
80cfb14b-83e4-4ccc-8062-f282c7646c15,3981,ProductViewed,1591803830,Yes
d9e1f150-a9d6-4c6f-aecf-d77eca17b79d,3905,ProductViewed,1591803851,No
d9e1f150-a9d6-4c6f-aecf-d77eca17b79d,3905,ProductViewed,1591803851,No
ce6ab068-bb20-477e-b8d6-7eca3f5b6575,4135,ProductViewed,1591803872,Yes
ce6ab068-bb20-477e-b8d6-7eca3f5b6575,4135,ProductViewed,1591803872,Yes
26b2bda2-9397-4d0c-b5bb-9190dbba3acb,777,ProductViewed,1591803896,No
26b2bda2-9397-4d0c-b5bb-9190dbba3acb,777,ProductViewed,1591803896,No
bfbd28d2-d351-4a21-b799-9ba6a74c7b96,4363,ProductViewed,1591803923,No
bfbd28d2-d351-4a21-b799-9ba6a74c7b96,4363,ProductAdded,1591803924,No
bfbd28d2-d351-4a21-b799-9ba6a74c7b96,4363,ProductViewed,1591803924,No
d055f31f-2e3e-4338-ac64-521f88779b50,2541,ProductViewed,1591803937,Yes
d055f31f-2e3e-4338-ac64-521f88779b50,2541,ProductViewed,1591803937,Yes
1af515fd-522d-402a-b73c-ff73b0d2efe9,5604,ProductViewed,1591803966,No
1af515fd-522d-402a-b73c-ff73b0d2efe9,5604,ProductViewed,1591803966,No
53ec1efb-0deb-48cf-96a3-7a7342b78608,825,ProductViewed,1591803985,Yes
53ec1efb-0deb-48cf-96a3-7a7342b78608,825,ProductViewed,1591803985,Yes
53ec1efb-0deb-48cf-96a3-7a7342b78608,825,CartViewed,1591803989,Yes
cafd3a0b-1cee-4b14-a852-fe507c8197cd,5247,ProductViewed,1591804010,No
cafd3a0b-1cee-4b14-a852-fe507c8197cd,5247,ProductViewed,1591804010,No
e75111c1-1770-4bfe-aa5f-60b72612e8a9,3908,ProductViewed,1591804032,No
e75111c1-1770-4bfe-aa5f-60b72612e8a9,3908,ProductViewed,1591804032,No
95d8bb83-f344-47f8-b89b-c7ab3f591385,2134,ProductViewed,1591804054,Yes
95d8bb83-f344-47f8-b89b-c7ab3f591385,2134,ProductAdded,1591804054,Yes
95d8bb83-f344-47f8-b89b-c7ab3f591385,2134,ProductViewed,1591804054,Yes
6d1e04fb-e960-43c3-9709-d83e19007cda,765,ProductViewed,1591804074,No
6d1e04fb-e960-43c3-9709-d83e19007cda,765,ProductViewed,1591804074,No
181136fc-b294-4594-afc6-3eb9c8185de6,5819,ProductViewed,1591804100,No
181136fc-b294-4594-afc6-3eb9c8185de6,5819,ProductViewed,1591804100,No
62ad078f-32f6-4ae2-8490-14518489b05b,5123,ProductViewed,1591804119,Yes
62ad078f-32f6-4ae2-8490-14518489b05b,5123,ProductViewed,1591804119,Yes
176dd58f-e2bf-4119-8edd-6967f005114c,2730,ProductViewed,1591804139,No
176dd58f-e2bf-4119-8edd-6967f005114c,2730,ProductViewed,1591804139,No
050f28e4-376d-474b-b2d0-0b62c751e85d,5765,ProductViewed,1591804159,No
050f28e4-376d-474b-b2d0-0b62c751e85d,5765,ProductViewed,1591804159,No
d27f4e83-4730-4075-b5c5-766b1a732fe9,4650,ProductViewed,1591804180,Yes
d27f4e83-4730-4075-b5c5-766b1a732fe9,4650,ProductViewed,1591804180,Yes
d27f4e83-4730-4075-b5c5-766b1a732fe9,4650,ProductAdded,1591804184,Yes
7392337e-0136-4e87-875e-0f7b668ab742,3670,ProductViewed,1591804205,Yes
7392337e-0136-4e87-875e-0f7b668ab742,3670,ProductViewed,1591804205,Yes
7392337e-0136-4e87-875e-0f7b668ab742,3670,CartViewed,1591804209,Yes
a3a40b11-89eb-4492-96e2-4cf1ffeb3f58,4009,ProductViewed,1591804230,Yes
a3a40b11-89eb-4492-96e2-4cf1ffeb3f58,4009,ProductViewed,1591804230,Yes
25ce5128-8f09-4d01-8201-91198fdb9d3e,2385,ProductViewed,1591804252,No
25ce5128-8f09-4d01-8201-91198fdb9d3e,2385,ProductViewed,1591804252,No
4dabf3e9-9c2c-409a-84a9-ceb4528ba352,2726,ProductViewed,1591804274,No
4dabf3e9-9c2c-409a-84a9-ceb4528ba352,2726,ProductViewed,1591804274,No
34ef7f57-ed89-4708-809b-fe6ba43c5af0,1665,ProductViewed,1591804297,No
34ef7f57-ed89-4708-809b-fe6ba43c5af0,1665,ProductViewed,1591804297,No
1a61e59b-c067-4d70-a9e7-3fe564f99b6a,4483,ProductViewed,1591804317,No
1a61e59b-c067-4d70-a9e7-3fe564f99b6a,4483,ProductViewed,1591804317,No
1a61e59b-c067-4d70-a9e7-3fe564f99b6a,4483,ProductAdded,1591804317,No
1a61e59b-c067-4d70-a9e7-3fe564f99b6a,4483,CheckoutStarted,1591804321,No
1f8f1c68-aecd-4af0-adc2-965e09d91a84,3154,ProductViewed,1591804335,No
1f8f1c68-aecd-4af0-adc2-965e09d91a84,3154,ProductViewed,1591804335,No
b9e6a202-3fff-460d-997f-e3dc9e7d83f3,2379,ProductViewed,1591804356,Yes
b9e6a202-3fff-460d-997f-e3dc9e7d83f3,2379,ProductViewed,1591804356,Yes
b31c2063-c802-4ceb-a77a-0cab15cf99ee,271,ProductViewed,1591804386,No
b31c2063-c802-4ceb-a77a-0cab15cf99ee,271,ProductViewed,1591804386,No
c4122bb5-b190-4932-b686-9b35f50bb06d,2131,ProductViewed,1591804399,Yes
c4122bb5-b190-4932-b686-9b35f50bb06d,2131,ProductViewed,1591804399,Yes
87723a77-763c-441d-b1ce-0ef53529a2ac,5561,ProductViewed,1591804422,No
87723a77-763c-441d-b1ce-0ef53529a2ac,5561,ProductViewed,1591804422,No
87723a77-763c-441d-b1ce-0ef53529a2ac,5561,CartViewed,1591804422,No
94710642-7b99-4d19-b637-6c445b3e3e1d,658,ProductViewed,1591804450,No
94710642-7b99-4d19-b637-6c445b3e3e1d,658,ProductViewed,1591804450,No
559b3f9a-e6c4-443b-9f9f-9e7a5b8ece64,5600,ProductViewed,1591804475,No
559b3f9a-e6c4-443b-9f9f-9e7a5b8ece64,5600,ProductAdded,1591804479,No
559b3f9a-e6c4-443b-9f9f-9e7a5b8ece64,5600,ProductViewed,1591804479,No
9fa75331-d8a2-49de-968e-fb855e57d53b,2258,ProductViewed,1591804489,No
9fa75331-d8a2-49de-968e-fb855e57d53b,2258,ProductViewed,1591804489,No
d3b237ae-6039-45f9-9692-495ad2141c54,1763,ProductViewed,1591804517,No
d3b237ae-6039-45f9-9692-495ad2141c54,1763,ProductViewed,1591804517,No
692ce7b7-54ec-422e-b40f-cd9967475263,3436,ProductViewed,1591804537,No
692ce7b7-54ec-422e-b40f-cd9967475263,3436,ProductViewed,1591804537,No
9b752d29-c442-4347-b282-a9b0b77be1b2,4036,ProductViewed,1591804563,No
9b752d29-c442-4347-b282-a9b0b77be1b2,4036,ProductViewed,1591804563,No
6e73f9f1-2432-4d84-93d2-cc4cf0b83dd7,2928,ProductViewed,1591804583,Yes
6e73f9f1-2432-4d84-93d2-cc4cf0b83dd7,2928,ProductViewed,1591804583,Yes
ac46fdbc-2369-4908-b0b1-d405572e4a5c,945,ProductViewed,1591804606,Yes
ac46fdbc-2369-4908-b0b1-d405572e4a5c,945,ProductAdded,1591804608,Yes
ac46fdbc-2369-4908-b0b1-d405572e4a5c,945,ProductViewed,1591804608,Yes
69a31bac-661e-499e-a6ff-c1f178e4bacb,1560,ProductViewed,1591804629,No
69a31bac-661e-499e-a6ff-c1f178e4bacb,1560,ProductViewed,1591804629,No
0c687920-9e48-4937-87fe-472911249386,2221,ProductViewed,1591804643,Yes
0c687920-9e48-4937-87fe-472911249386,2221,ProductViewed,1591804643,Yes
0c687920-9e48-4937-87fe-472911249386,2221,CartViewed,1591804645,Yes
e2ea5f0e-7c91-4d51-89e2-a06afc5e939b,1397,ProductViewed,1591804662,No
e2ea5f0e-7c91-4d51-89e2-a06afc5e939b,1397,ProductViewed,1591804662,No
e841f219-7a7c-4509-bfe2-c13239950051,825,ProductViewed,1591804695,No
e841f219-7a7c-4509-bfe2-c13239950051,825,ProductViewed,1591804695,No
e1580149-87c5-4ff4-bb03-482465b67b16,1793,ProductViewed,1591804715,Yes
e1580149-87c5-4ff4-bb03-482465b67b16,1793,ProductViewed,1591804715,Yes
a74abb1e-026e-43ea-a5ba-233cdd114637,5196,ProductViewed,1591804736,No
a74abb1e-026e-43ea-a5ba-233cdd114637,5196,ProductViewed,1591804736,No
a74abb1e-026e-43ea-a5ba-233cdd114637,5196,ProductAdded,1591804740,No
9ea37ad0-83fb-4b65-90aa-ccbda392b39d,5576,ProductViewed,1591804751,Yes
9ea37ad0-83fb-4b65-90aa-ccbda392b39d,5576,ProductViewed,1591804751,Yes
6b2f84ac-e8c8-4581-a474-6657765887be,5202,ProductViewed,1591804781,Yes
6b2f84ac-e8c8-4581-a474-6657765887be,5202,ProductViewed,1591804781,Yes
0c4744e2-b989-4509-a7e2-7d8dc43ff404,981,ProductViewed,1591804799,No
0c4744e2-b989-4509-a7e2-7d8dc43ff404,981,ProductViewed,1591804799,No
5e1679f5-2a52-44be-8453-760bf61d43b4,951,ProductViewed,1591804816,Yes
5e1679f5-2a52-44be-8453-760bf61d43b4,951,ProductViewed,1591804816,Yes
4ec7ff5c-f70f-4984-b6c4-c7ef37cc0c09,1595,ProductViewed,1591804840,No
4ec7ff5c-f70f-4984-b6c4-c7ef37cc0c09,1595,ProductViewed,1591804840,No
7af26050-056f-4855-ba8a-bcee48f0923d,5883,ProductViewed,1591804863,Yes
7af26050-056f-4855-ba8a-bcee48f0923d,5883,ProductViewed,1591804863,Yes
7af26050-056f-4855-ba8a-bcee48f0923d,5883,ProductAdded,1591804868,Yes
7af26050-056f-4855-ba8a-bcee48f0923d,5883,CartViewed,1591804868,Yes
7af26050-056f-4855-ba8a-bcee48f0923d,5883,CheckoutStarted,1591804873,Yes
7af26050-056f-4855-ba8a-bcee48f0923d,5883,OrderCompleted,1591804873,Yes
f8c2af2c-313d-43aa-bf76-340bafd0d46c,4459,ProductViewed,1591804883,Yes
f8c2af2c-313d-43aa-bf76-340bafd0d46c,4459,ProductViewed,1591804883,Yes
9fbf8e43-b16c-4332-bb01-6e71eebbc98d,2130,ProductViewed,1591804905,Yes
9fbf8e43-b16c-4332-bb01-6e71eebbc98d,2130,ProductViewed,1591804905,Yes
caefdbe5-25ca-4d72-8aa1-c4a9662e5db7,5300,ProductViewed,1591804932,No
caefdbe5-25ca-4d72-8aa1-c4a9662e5db7,5300,ProductViewed,1591804932,No
bade7609-f412-45cf-9e85-8ce84ed261fd,1478,ProductViewed,1591804955,Yes
bade7609-f412-45cf-9e85-8ce84ed261fd,1478,ProductViewed,1591804955,Yes
a0f88610-d8cc-4f18-a6d1-fc4e357e8600,323,ProductViewed,1591804981,No
a0f88610-d8cc-4f18-a6d1-fc4e357e8600,323,ProductViewed,1591804981,No
d75b932b-0593-4cbe-b61d-a9b2dbd16e51,3206,ProductViewed,1591804997,Yes
d75b932b-0593-4cbe-b61d-a9b2dbd16e51,3206,ProductViewed,1591804997,Yes
9e663074-853f-45a4-a950-9419eaff5531,5994,ProductViewed,1591805023,Yes
9e663074-853f-45a4-a950-9419eaff5531,5994,ProductAdded,1591805024,Yes
9e663074-853f-45a4-a950-9419eaff5531,5994,ProductViewed,1591805024,Yes
00740ca5-372b-4e72-a040-8eacde2ecf4f,5716,ProductViewed,1591805036,No
00740ca5-372b-4e72-a040-8eacde2ecf4f,5716,ProductViewed,1591805036,No
b740e07e-f890-4ace-8c97-4dc4cf1d173b,5540,ProductViewed,1591805060,Yes
b740e07e-f890-4ace-8c97-4dc4cf1d173b,5540,ProductViewed,1591805060,Yes
fadef46c-2b03-470d-97a3-c751f8075ec0,2805,ProductViewed,1591805081,No
fadef46c-2b03-470d-97a3-c751f8075ec0,2805,ProductViewed,1591805081,No
fadef46c-2b03-470d-97a3-c751f8075ec0,2805,CartViewed,1591805085,No
58407569-aaa8-40b4-8da0-13f6ffb18faf,3624,ProductViewed,1591805102,No
58407569-aaa8-40b4-8da0-13f6ffb18faf,3624,ProductViewed,1591805102,No
7834e768-8c84-4c0b-9372-6f65a3207a14,3864,ProductViewed,1591805133,No
7834e768-8c84-4c0b-9372-6f65a3207a14,3864,ProductViewed,1591805133,No
ded6d577-4fc3-44e1-9cde-d01d6d2f4c7c,4167,ProductViewed,1591805156,No
ded6d577-4fc3-44e1-9cde-d01d6d2f4c7c,4167,ProductAdded,1591805158,No
ded6d577-4fc3-44e1-9cde-d01d6d2f4c7c,4167,ProductViewed,1591805158,No
c6461825-558b-4def-aa22-3fa082dcb6af,3184,ProductViewed,1591805172,No
c6461825-558b-4def-aa22-3fa082dcb6af,3184,ProductViewed,1591805172,No
8770d681-3af6-45fa-be0a-2e97f5466ef0,1257,ProductViewed,1591805190,No
8770d681-3af6-45fa-be0a-2e97f5466ef0,1257,ProductViewed,1591805190,No
c88ce500-8abd-443f-859b-c6168b58ea58,3752,ProductViewed,1591805217,No
c88ce500-8abd-443f-859b-c6168b58ea58,3752,ProductViewed,1591805217,No
d38d09a5-0504-42bd-97f1-83631d2e31ee,375,ProductViewed,1591805236,No
d38d09a5-0504-42bd-97f1-83631d2e31ee,375,ProductViewed,1591805236,No
4ac6fe0c-cc84-4c7b-99e3-45c95de4e68f,1968,ProductViewed,1591805263,No
4ac6fe0c-cc84-4c7b-99e3-45c95de4e68f,1968,ProductViewed,1591805263,No
fdf9d37f-2115-4004-99f2-0d56f8e5d016,2886,ProductViewed,1591805288,No
fdf9d37f-2115-4004-99f2-0d56f8e5d016,2886,ProductViewed,1591805288,No
fdf9d37f-2115-4004-99f2-0d56f8e5d016,2886,ProductAdded,1591805290,No
8c75972a-a0ce-408a-8545-4dc308a93392,4836,ProductViewed,1591805310,No
8c75972a-a0ce-408a-8545-4dc308a93392,4836,ProductViewed,1591805310,No
8c75972a-a0ce-408a-8545-4dc308a93392,4836,CartViewed,1591805314,No
7b20a8e1-5c56-41e9-aef3-1a4fd4637310,1085,ProductViewed,1591805328,No
7b20a8e1-5c56-41e9-aef3-1a4fd4637310,1085,ProductViewed,1591805328,No
85ebb1fc-8e6f-4f21-a48c-449135f378a9,3395,ProductViewed,1591805345,No
85ebb1fc-8e6f-4f21-a48c-449135f378a9,3395,ProductViewed,1591805345,No
6d3670f8-821f-46c4-9393-56af4964d988,13,ProductViewed,1591805377,No
6d3670f8-821f-46c4-9393-56af4964d988,13,ProductViewed,1591805377,No
09490994-dc5c-4b33-aed4-8c859f37c5f6,2740,ProductViewed,1591805391,Yes
09490994-dc5c-4b33-aed4-8c859f37c5f6,2740,ProductViewed,1591805391,Yes
ba0c2cb6-26b8-488f-81ad-0fa52eb04940,5222,ProductViewed,1591805421,No
ba0c2cb6-26b8-488f-81ad-0fa52eb04940,5222,ProductViewed,1591805421,No
ba0c2cb6-26b8-488f-81ad-0fa52eb04940,5222,ProductAdded,1591805426,No
ba0c2cb6-26b8-488f-81ad-0fa52eb04940,5222,CheckoutStarted,1591805430,No
85ebb1fc-8e6f-4f21-a48c-449135f378a9,3395,ProductViewed,1591805443,Yes
6ddb5322-11b6-4884-8b7d-0e95b9116c03,4649,ProductViewed,1591805453,No
6ddb5322-11b6-4884-8b7d-0e95b9116c03,4649,ProductViewed,1591805453,No
6ddb5322-11b6-4884-8b7d-0e95b9116c03,4649,ProductViewed,1591805453,No
124db2fa-17c0-4e94-9844-d1b64a081df5,5809,ProductViewed,1591805483,Yes
124db2fa-17c0-4e94-9844-d1b64a081df5,5809,ProductViewed,1591805483,Yes
124db2fa-17c0-4e94-9844-d1b64a081df5,5809,ProductViewed,1591805483,Yes
3c3811ae-7c45-48d3-98c9-17993f7c8601,524,ProductViewed,1591805511,Yes
3c3811ae-7c45-48d3-98c9-17993f7c8601,524,ProductViewed,1591805511,Yes
3c3811ae-7c45-48d3-98c9-17993f7c8601,524,ProductViewed,1591805511,Yes
3c3811ae-7c45-48d3-98c9-17993f7c8601,524,CartViewed,1591805514,Yes
140b21df-4311-456e-86cc-8655b26e0e26,4322,ProductViewed,1591805550,No
140b21df-4311-456e-86cc-8655b26e0e26,4322,ProductViewed,1591805550,No
140b21df-4311-456e-86cc-8655b26e0e26,4322,ProductViewed,1591805550,No
140b21df-4311-456e-86cc-8655b26e0e26,4322,ProductAdded,1591805554,No
1495081d-3fba-4cf0-a27d-afbae683f1b1,1,ProductViewed,1591805582,No
1495081d-3fba-4cf0-a27d-afbae683f1b1,1,ProductViewed,1591805582,No
1495081d-3fba-4cf0-a27d-afbae683f1b1,1,ProductViewed,1591805582,No
2c1282f1-cbcc-45ef-9196-351b8798eb00,2671,ProductViewed,1591805615,Yes
2c1282f1-cbcc-45ef-9196-351b8798eb00,2671,ProductViewed,1591805615,Yes
2c1282f1-cbcc-45ef-9196-351b8798eb00,2671,ProductViewed,1591805615,Yes
7a0bbccc-23e3-4528-8e46-1b6c8f6e0e26,409,ProductViewed,1591805647,No
7a0bbccc-23e3-4528-8e46-1b6c8f6e0e26,409,ProductViewed,1591805647,No
7a0bbccc-23e3-4528-8e46-1b6c8f6e0e26,409,ProductViewed,1591805647,No
f5be9f67-8def-405d-af7e-2abf6876277f,1541,ProductViewed,1591805684,No
f5be9f67-8def-405d-af7e-2abf6876277f,1541,ProductViewed,1591805684,No
f5be9f67-8def-405d-af7e-2abf6876277f,1541,ProductViewed,1591805684,No
f5be9f67-8def-405d-af7e-2abf6876277f,1541,ProductAdded,1591805684,No
ab228b40-f692-4662-9986-6d8184dda20b,5944,ProductViewed,1591805707,Yes
ab228b40-f692-4662-9986-6d8184dda20b,5944,ProductViewed,1591805707,Yes
ab228b40-f692-4662-9986-6d8184dda20b,5944,ProductViewed,1591805707,Yes
6458ddef-ea3f-4f57-8f9f-77b2f4818045,3292,ProductViewed,1591805746,No
6458ddef-ea3f-4f57-8f9f-77b2f4818045,3292,ProductViewed,1591805746,No
6458ddef-ea3f-4f57-8f9f-77b2f4818045,3292,CartViewed,1591805748,No
6458ddef-ea3f-4f57-8f9f-77b2f4818045,3292,ProductViewed,1591805748,No
14e0e6a6-9818-4d5c-b799-3aad09370907,28,ProductViewed,1591805784,No
14e0e6a6-9818-4d5c-b799-3aad09370907,28,ProductViewed,1591805784,No
14e0e6a6-9818-4d5c-b799-3aad09370907,28,ProductViewed,1591805784,No
b11944ce-c888-4ddb-8f64-f89a6d628288,20,ProductViewed,1591805816,No
b11944ce-c888-4ddb-8f64-f89a6d628288,20,ProductViewed,1591805816,No
b11944ce-c888-4ddb-8f64-f89a6d628288,20,ProductViewed,1591805816,No
881659ef-117e-4109-b6b9-34758cce38c8,4329,ProductViewed,1591805842,No
881659ef-117e-4109-b6b9-34758cce38c8,4329,ProductAdded,1591805842,No
881659ef-117e-4109-b6b9-34758cce38c8,4329,ProductViewed,1591805842,No
881659ef-117e-4109-b6b9-34758cce38c8,4329,ProductViewed,1591805842,No
ee7b59b1-4621-45a5-9a47-7fc9f74719a5,4984,ProductViewed,1591805876,No
ee7b59b1-4621-45a5-9a47-7fc9f74719a5,4984,ProductViewed,1591805876,No
ee7b59b1-4621-45a5-9a47-7fc9f74719a5,4984,ProductViewed,1591805876,No
a1b64583-4c58-4817-8cf8-1c8e60894bf8,2294,ProductViewed,1591805907,No
a1b64583-4c58-4817-8cf8-1c8e60894bf8,2294,ProductViewed,1591805907,No
a1b64583-4c58-4817-8cf8-1c8e60894bf8,2294,ProductViewed,1591805907,No
523e5820-3024-4915-8d92-e191f68dee7f,821,ProductViewed,1591805944,Yes
523e5820-3024-4915-8d92-e191f68dee7f,821,ProductViewed,1591805944,Yes
523e5820-3024-4915-8d92-e191f68dee7f,821,ProductViewed,1591805944,Yes
a4fce4bd-5073-4434-ae7b-da6a4734708b,5142,ProductViewed,1591805975,Yes
a4fce4bd-5073-4434-ae7b-da6a4734708b,5142,ProductAdded,1591805978,Yes
a4fce4bd-5073-4434-ae7b-da6a4734708b,5142,CartViewed,1591805978,Yes
a4fce4bd-5073-4434-ae7b-da6a4734708b,5142,CheckoutStarted,1591805980,Yes
a4fce4bd-5073-4434-ae7b-da6a4734708b,5142,OrderCompleted,1591805981,Yes
a4fce4bd-5073-4434-ae7b-da6a4734708b,5142,ProductViewed,1591805981,Yes
a4fce4bd-5073-4434-ae7b-da6a4734708b,5142,ProductViewed,1591805981,Yes
d16257f7-da83-4b24-9e2f-5c4a2a67bdc9,5355,ProductViewed,1591806014,No
d16257f7-da83-4b24-9e2f-5c4a2a67bdc9,5355,ProductViewed,1591806014,No
d16257f7-da83-4b24-9e2f-5c4a2a67bdc9,5355,ProductViewed,1591806014,No
fd34b35b-de76-496e-89f1-6ef65969e1a4,5284,ProductViewed,1591806039,No
fd34b35b-de76-496e-89f1-6ef65969e1a4,5284,ProductViewed,1591806039,No
fd34b35b-de76-496e-89f1-6ef65969e1a4,5284,ProductViewed,1591806039,No
61697f16-9198-4d1a-89a5-e43386c2b759,2281,ProductViewed,1591806070,No
61697f16-9198-4d1a-89a5-e43386c2b759,2281,ProductViewed,1591806070,No
61697f16-9198-4d1a-89a5-e43386c2b759,2281,ProductViewed,1591806070,No
8c818e1b-69bd-4c92-9e93-08965146fc1f,334,ProductViewed,1591806107,Yes
8c818e1b-69bd-4c92-9e93-08965146fc1f,334,ProductViewed,1591806107,Yes
8c818e1b-69bd-4c92-9e93-08965146fc1f,334,ProductAdded,1591806111,Yes
8c818e1b-69bd-4c92-9e93-08965146fc1f,334,ProductViewed,1591806111,Yes
96d88fed-f26d-460f-9741-df5d55b5d8dd,2579,ProductViewed,1591806145,No
96d88fed-f26d-460f-9741-df5d55b5d8dd,2579,ProductViewed,1591806145,No
96d88fed-f26d-460f-9741-df5d55b5d8dd,2579,ProductViewed,1591806145,No
bb17aef4-a862-4f3f-bf77-fd2721743698,345,ProductViewed,1591806180,No
bb17aef4-a862-4f3f-bf77-fd2721743698,345,ProductViewed,1591806180,No
bb17aef4-a862-4f3f-bf77-fd2721743698,345,ProductViewed,1591806180,No
bb17aef4-a862-4f3f-bf77-fd2721743698,345,CartViewed,1591806184,No
aca9059a-3245-49e2-9578-c5c21e1d1a85,5369,ProductViewed,1591806212,Yes
aca9059a-3245-49e2-9578-c5c21e1d1a85,5369,ProductViewed,1591806212,Yes
aca9059a-3245-49e2-9578-c5c21e1d1a85,5369,ProductViewed,1591806212,Yes
c0abd282-4bc0-4bbd-936a-9b5ad0c2eeb7,3758,ProductViewed,1591806240,No
c0abd282-4bc0-4bbd-936a-9b5ad0c2eeb7,3758,ProductViewed,1591806240,No
c0abd282-4bc0-4bbd-936a-9b5ad0c2eeb7,3758,ProductAdded,1591806244,No
c0abd282-4bc0-4bbd-936a-9b5ad0c2eeb7,3758,ProductViewed,1591806244,No
5156955f-dda2-4e19-831e-752c92bd8f85,1461,ProductViewed,1591806277,No
5156955f-dda2-4e19-831e-752c92bd8f85,1461,ProductViewed,1591806277,No
5156955f-dda2-4e19-831e-752c92bd8f85,1461,ProductViewed,1591806277,No
3b145528-d5fc-4c2a-b2a5-e119128caa5f,2385,ProductViewed,1591806303,Yes
3b145528-d5fc-4c2a-b2a5-e119128caa5f,2385,ProductViewed,1591806303,Yes
3b145528-d5fc-4c2a-b2a5-e119128caa5f,2385,ProductViewed,1591806303,Yes
26bb732f-9159-432f-91ef-bad14fedd298,2224,ProductViewed,1591806339,Yes
26bb732f-9159-432f-91ef-bad14fedd298,2224,ProductViewed,1591806339,Yes
26bb732f-9159-432f-91ef-bad14fedd298,2224,ProductViewed,1591806339,Yes
67b6b486-6d74-47a4-8173-d10a86ddc275,5886,ProductViewed,1591806376,Yes
67b6b486-6d74-47a4-8173-d10a86ddc275,5886,ProductViewed,1591806376,Yes
67b6b486-6d74-47a4-8173-d10a86ddc275,5886,ProductViewed,1591806376,Yes
67b6b486-6d74-47a4-8173-d10a86ddc275,5886,ProductAdded,1591806376,Yes
c7a27dcc-dbed-4953-b4d4-4d1c3e0a5f40,338,ProductViewed,1591806402,No
c7a27dcc-dbed-4953-b4d4-4d1c3e0a5f40,338,ProductViewed,1591806402,No
c7a27dcc-dbed-4953-b4d4-4d1c3e0a5f40,338,CartViewed,1591806406,No
c7a27dcc-dbed-4953-b4d4-4d1c3e0a5f40,338,ProductViewed,1591806406,No
e574f0de-94eb-4781-9ed7-248f5e041549,2372,ProductViewed,1591806441,No
e574f0de-94eb-4781-9ed7-248f5e041549,2372,ProductViewed,1591806441,No
e574f0de-94eb-4781-9ed7-248f5e041549,2372,ProductViewed,1591806441,No
8b2a170c-e2e9-4d94-ae1a-994114ac11a5,1063,ProductViewed,1591806473,Yes
8b2a170c-e2e9-4d94-ae1a-994114ac11a5,1063,ProductViewed,1591806473,Yes
8b2a170c-e2e9-4d94-ae1a-994114ac11a5,1063,ProductViewed,1591806473,Yes
77a73995-ee61-4793-b48c-f9e1125fbce4,5985,ProductViewed,1591806499,No
77a73995-ee61-4793-b48c-f9e1125fbce4,5985,ProductViewed,1591806499,No
77a73995-ee61-4793-b48c-f9e1125fbce4,5985,ProductViewed,1591806499,No
77a73995-ee61-4793-b48c-f9e1125fbce4,5985,ProductAdded,1591806501,No
77a73995-ee61-4793-b48c-f9e1125fbce4,5985,CheckoutStarted,1591806502,No
4988dd94-cb08-4dac-bddc-36551d08808c,4285,ProductViewed,1591806536,No
4988dd94-cb08-4dac-bddc-36551d08808c,4285,ProductViewed,1591806536,No
4988dd94-cb08-4dac-bddc-36551d08808c,4285,ProductViewed,1591806536,No
46202f4b-1395-430b-8208-7adb3201990f,3303,ProductViewed,1591806569,No
46202f4b-1395-430b-8208-7adb3201990f,3303,ProductViewed,1591806569,No
46202f4b-1395-430b-8208-7adb3201990f,3303,ProductViewed,1591806569,No
f9a481fc-b635-416b-83da-ea944f206a6d,3398,ProductViewed,1591806606,Yes
f9a481fc-b635-416b-83da-ea944f206a6d,3398,ProductViewed,1591806606,Yes
f9a481fc-b635-416b-83da-ea944f206a6d,3398,ProductViewed,1591806606,Yes
473d51cf-979d-4680-9ebb-542888f08472,3942,ProductViewed,1591806636,Yes
473d51cf-979d-4680-9ebb-542888f08472,3942,CartViewed,1591806636,Yes
473d51cf-979d-4680-9ebb-542888f08472,3942,ProductViewed,1591806636,Yes
473d51cf-979d-4680-9ebb-542888f08472,3942,ProductViewed,1591806636,Yes
7d278838-fb4e-45cd-8fb2-b5e736fb9aa2,3925,ProductViewed,1591806671,Yes
7d278838-fb4e-45cd-8fb2-b5e736fb9aa2,3925,ProductAdded,1591806674,Yes
7d278838-fb4e-45cd-8fb2-b5e736fb9aa2,3925,ProductViewed,1591806674,Yes
7d278838-fb4e-45cd-8fb2-b5e736fb9aa2,3925,ProductViewed,1591806674,Yes
08301406-e647-4881-85ad-8134ba2ff1ce,310,ProductViewed,1591806708,No
08301406-e647-4881-85ad-8134ba2ff1ce,310,ProductViewed,1591806708,No
08301406-e647-4881-85ad-8134ba2ff1ce,310,ProductViewed,1591806708,No
5ff6ab61-2296-418b-b09f-ea92e17f7bec,5629,ProductViewed,1591806732,No
5ff6ab61-2296-418b-b09f-ea92e17f7bec,5629,ProductViewed,1591806732,No
5ff6ab61-2296-418b-b09f-ea92e17f7bec,5629,ProductViewed,1591806732,No
bb80331b-7da8-4edc-a797-e1d462c14e82,5135,ProductViewed,1591806773,No
bb80331b-7da8-4edc-a797-e1d462c14e82,5135,ProductViewed,1591806773,No
bb80331b-7da8-4edc-a797-e1d462c14e82,5135,ProductViewed,1591806773,No
fe7e32b0-df70-4ea5-b52d-65b5ed492682,713,ProductViewed,1591806797,Yes
fe7e32b0-df70-4ea5-b52d-65b5ed492682,713,ProductAdded,1591806798,Yes
fe7e32b0-df70-4ea5-b52d-65b5ed492682,713,ProductViewed,1591806798,Yes
fe7e32b0-df70-4ea5-b52d-65b5ed492682,713,ProductViewed,1591806798,Yes
0571783a-2d37-4d08-ac0d-575070c961d4,1811,ProductViewed,1591806829,Yes
0571783a-2d37-4d08-ac0d-575070c961d4,1811,ProductViewed,1591806829,Yes
0571783a-2d37-4d08-ac0d-575070c961d4,1811,ProductViewed,1591806829,Yes
0571783a-2d37-4d08-ac0d-575070c961d4,1811,CartViewed,1591806829,Yes
d805e752-3621-4844-a38d-f0c247f5036b,3227,ProductViewed,1591806866,No
d805e752-3621-4844-a38d-f0c247f5036b,3227,ProductViewed,1591806866,No
d805e752-3621-4844-a38d-f0c247f5036b,3227,ProductViewed,1591806866,No
0ed92852-f5ac-41e1-ad8f-1731b24e37c5,3675,ProductViewed,1591806904,No
0ed92852-f5ac-41e1-ad8f-1731b24e37c5,3675,ProductViewed,1591806904,No
0ed92852-f5ac-41e1-ad8f-1731b24e37c5,3675,ProductViewed,1591806904,No
5138061d-7f1d-437e-ab4e-87f97f4140f8,5853,ProductViewed,1591806934,No
5138061d-7f1d-437e-ab4e-87f97f4140f8,5853,ProductViewed,1591806934,No
5138061d-7f1d-437e-ab4e-87f97f4140f8,5853,ProductAdded,1591806934,No
5138061d-7f1d-437e-ab4e-87f97f4140f8,5853,ProductViewed,1591806934,No
c1f90b12-59c8-4af3-8dd6-d8dbd16d5422,3018,ProductViewed,1591806965,No
c1f90b12-59c8-4af3-8dd6-d8dbd16d5422,3018,ProductViewed,1591806965,No
c1f90b12-59c8-4af3-8dd6-d8dbd16d5422,3018,ProductViewed,1591806965,No
c16068f6-8f02-4d52-9680-bfe0c75e68ac,4795,ProductViewed,1591807000,No
c16068f6-8f02-4d52-9680-bfe0c75e68ac,4795,ProductViewed,1591807000,No
c16068f6-8f02-4d52-9680-bfe0c75e68ac,4795,ProductViewed,1591807000,No
2aba4640-946f-48e2-bd43-c3ac3a70fb7c,1573,ProductViewed,1591807028,Yes
2aba4640-946f-48e2-bd43-c3ac3a70fb7c,1573,ProductViewed,1591807028,Yes
2aba4640-946f-48e2-bd43-c3ac3a70fb7c,1573,ProductViewed,1591807028,Yes
1f88855c-7ed3-4796-9143-dcdd395c03ad,5751,ProductViewed,1591807068,Yes
1f88855c-7ed3-4796-9143-dcdd395c03ad,5751,ProductViewed,1591807068,Yes
1f88855c-7ed3-4796-9143-dcdd395c03ad,5751,ProductAdded,1591807071,Yes
1f88855c-7ed3-4796-9143-dcdd395c03ad,5751,CartViewed,1591807076,Yes
1f88855c-7ed3-4796-9143-dcdd395c03ad,5751,CheckoutStarted,1591807077,Yes
1f88855c-7ed3-4796-9143-dcdd395c03ad,5751,OrderCompleted,1591807077,Yes
1f88855c-7ed3-4796-9143-dcdd395c03ad,5751,ProductViewed,1591807077,Yes
78770acc-562f-42a9-89fb-22bf5b6b60a2,4073,ProductViewed,1591807096,No
78770acc-562f-42a9-89fb-22bf5b6b60a2,4073,ProductViewed,1591807096,No
78770acc-562f-42a9-89fb-22bf5b6b60a2,4073,ProductViewed,1591807096,No
1f88855c-7ed3-4796-9143-dcdd395c03ad,5252,ProductViewed,1591807129,Yes
61697f16-9198-4d1a-89a5-e43386c2b759,5108,ProductViewed,1591807140,Yes
f440b3d5-5ac4-4371-9c82-574c9cdc52b9,3756,ProductViewed,1591807156,Yes
f440b3d5-5ac4-4371-9c82-574c9cdc52b9,3756,ProductViewed,1591807156,Yes
f440b3d5-5ac4-4371-9c82-574c9cdc52b9,3756,ProductViewed,1591807156,Yes
ef3312a1-6dd8-4433-9c72-772dd7abae82,1240,ProductViewed,1591807190,Yes
ef3312a1-6dd8-4433-9c72-772dd7abae82,1240,ProductViewed,1591807190,Yes
ef3312a1-6dd8-4433-9c72-772dd7abae82,1240,ProductViewed,1591807190,Yes
c86e8896-b9e0-4121-a3e4-25dfb435e2f1,3997,ProductViewed,1591807220,Yes
c86e8896-b9e0-4121-a3e4-25dfb435e2f1,3997,ProductAdded,1591807225,Yes
c86e8896-b9e0-4121-a3e4-25dfb435e2f1,3997,ProductViewed,1591807225,Yes
c86e8896-b9e0-4121-a3e4-25dfb435e2f1,3997,ProductViewed,1591807225,Yes
371e0335-6290-446e-90b7-502efd718b4f,5570,ProductViewed,1591807255,No
371e0335-6290-446e-90b7-502efd718b4f,5570,ProductViewed,1591807255,No
371e0335-6290-446e-90b7-502efd718b4f,5570,ProductViewed,1591807255,No
7977f680-2cf7-457d-8f4d-afa0aa168cb9,4059,ProductViewed,1591807285,No
7977f680-2cf7-457d-8f4d-afa0aa168cb9,4059,ProductViewed,1591807285,No
7977f680-2cf7-457d-8f4d-afa0aa168cb9,4059,CartViewed,1591807288,No
7977f680-2cf7-457d-8f4d-afa0aa168cb9,4059,ProductViewed,1591807288,No
3c378028-2226-4e87-94b4-7bc8a9aea5fe,4085,ProductViewed,1591807316,No
3c378028-2226-4e87-94b4-7bc8a9aea5fe,4085,ProductViewed,1591807316,No
3c378028-2226-4e87-94b4-7bc8a9aea5fe,4085,ProductViewed,1591807316,No
92749684-7ff7-4ed6-8eb7-b948dfee0d79,4447,ProductViewed,1591807349,No
92749684-7ff7-4ed6-8eb7-b948dfee0d79,4447,ProductAdded,1591807349,No
92749684-7ff7-4ed6-8eb7-b948dfee0d79,4447,ProductViewed,1591807349,No
92749684-7ff7-4ed6-8eb7-b948dfee0d79,4447,ProductViewed,1591807349,No
b51bd298-43b7-49e2-852d-de8c1aff6724,2788,ProductViewed,1591807390,No
b51bd298-43b7-49e2-852d-de8c1aff6724,2788,ProductViewed,1591807390,No
b51bd298-43b7-49e2-852d-de8c1aff6724,2788,ProductViewed,1591807390,No
704532b6-1007-476b-86ee-0258f28edc49,2608,ProductViewed,1591807412,No
704532b6-1007-476b-86ee-0258f28edc49,2608,ProductViewed,1591807412,No
704532b6-1007-476b-86ee-0258f28edc49,2608,ProductViewed,1591807412,No
8c84a139-aabd-47d6-a5aa-87510a8d5ae9,4302,ProductViewed,1591807449,Yes
8c84a139-aabd-47d6-a5aa-87510a8d5ae9,4302,ProductViewed,1591807449,Yes
8c84a139-aabd-47d6-a5aa-87510a8d5ae9,4302,ProductViewed,1591807449,Yes
f3407b88-742a-44b0-88da-3cc775bdb55b,4937,ProductViewed,1591807484,No
f3407b88-742a-44b0-88da-3cc775bdb55b,4937,ProductViewed,1591807484,No
f3407b88-742a-44b0-88da-3cc775bdb55b,4937,ProductAdded,1591807488,No
f3407b88-742a-44b0-88da-3cc775bdb55b,4937,ProductViewed,1591807488,No
af669fc5-d861-41dd-b6a0-30fc30519252,2412,ProductViewed,1591807518,No
af669fc5-d861-41dd-b6a0-30fc30519252,2412,CartViewed,1591807518,No
af669fc5-d861-41dd-b6a0-30fc30519252,2412,ProductViewed,1591807518,No
af669fc5-d861-41dd-b6a0-30fc30519252,2412,ProductViewed,1591807518,No
56008ed5-8ead-40fa-829f-73eba95b1c03,694,ProductViewed,1591807544,No
56008ed5-8ead-40fa-829f-73eba95b1c03,694,ProductViewed,1591807544,No
56008ed5-8ead-40fa-829f-73eba95b1c03,694,ProductViewed,1591807544,No
18feeda6-063d-46b0-b0aa-86c514d8151f,544,ProductViewed,1591807577,No
18feeda6-063d-46b0-b0aa-86c514d8151f,544,ProductViewed,1591807577,No
18feeda6-063d-46b0-b0aa-86c514d8151f,544,ProductViewed,1591807577,No
1956b13b-fa4f-45cf-bc3c-407339ba56a9,2462,ProductViewed,1591807617,Yes
1956b13b-fa4f-45cf-bc3c-407339ba56a9,2462,ProductViewed,1591807617,Yes
1956b13b-fa4f-45cf-bc3c-407339ba56a9,2462,ProductAdded,1591807619,Yes
1956b13b-fa4f-45cf-bc3c-407339ba56a9,2462,CheckoutStarted,1591807620,Yes
1956b13b-fa4f-45cf-bc3c-407339ba56a9,2462,ProductViewed,1591807620,Yes
31b83eb4-bd8a-4b5a-87ff-f52abe6aa1f4,1220,ProductViewed,1591807650,No
31b83eb4-bd8a-4b5a-87ff-f52abe6aa1f4,1220,ProductViewed,1591807650,No
31b83eb4-bd8a-4b5a-87ff-f52abe6aa1f4,1220,ProductViewed,1591807650,No
8f246cbe-1f37-4045-add2-247a8643cb06,3042,ProductViewed,1591807684,No
8f246cbe-1f37-4045-add2-247a8643cb06,3042,ProductViewed,1591807684,No
8f246cbe-1f37-4045-add2-247a8643cb06,3042,ProductViewed,1591807684,No
c42cfabf-8978-4936-b71a-c15c7e62058f,4116,ProductViewed,1591807710,Yes
c42cfabf-8978-4936-b71a-c15c7e62058f,4116,ProductViewed,1591807710,Yes
c42cfabf-8978-4936-b71a-c15c7e62058f,4116,ProductViewed,1591807710,Yes
c42cfabf-8978-4936-b71a-c15c7e62058f,4116,CartViewed,1591807715,Yes
de81e406-4fee-4934-9274-31b8b4acf002,4244,ProductViewed,1591807743,No
de81e406-4fee-4934-9274-31b8b4acf002,4244,ProductViewed,1591807743,No
de81e406-4fee-4934-9274-31b8b4acf002,4244,ProductViewed,1591807743,No
de81e406-4fee-4934-9274-31b8b4acf002,4244,ProductAdded,1591807748,No
3ab996bb-9c82-4e05-b14a-81a68352c418,3493,ProductViewed,1591807778,No
3ab996bb-9c82-4e05-b14a-81a68352c418,3493,ProductViewed,1591807778,No
3ab996bb-9c82-4e05-b14a-81a68352c418,3493,ProductViewed,1591807778,No
8770d681-3af6-45fa-be0a-2e97f5466ef0,2373,ProductViewed,1591807817,No
2c2f6c71-7b07-4529-9864-e28a1404ee6f,3423,ProductViewed,1591807826,No
2c2f6c71-7b07-4529-9864-e28a1404ee6f,3423,ProductViewed,1591807826,No
2c2f6c71-7b07-4529-9864-e28a1404ee6f,3423,ProductViewed,1591807826,No
c6461825-558b-4def-aa22-3fa082dcb6af,3184,ProductViewed,1591807855,No
5af0136a-862b-42fa-a127-958a8bbd2167,168,ProductViewed,1591807863,No
5af0136a-862b-42fa-a127-958a8bbd2167,168,ProductViewed,1591807863,No
5af0136a-862b-42fa-a127-958a8bbd2167,168,ProductViewed,1591807863,No
1db377d7-b12b-4e5a-88b1-c73ce1e2d020,1491,ProductViewed,1591807905,No
1db377d7-b12b-4e5a-88b1-c73ce1e2d020,1491,ProductAdded,1591807907,No
1db377d7-b12b-4e5a-88b1-c73ce1e2d020,1491,ProductViewed,1591807907,No
1db377d7-b12b-4e5a-88b1-c73ce1e2d020,1491,ProductViewed,1591807907,No
80770bac-b4c9-4e5c-afa9-42a0815f77a7,2726,ProductViewed,1591807933,Yes
80770bac-b4c9-4e5c-afa9-42a0815f77a7,2726,ProductViewed,1591807933,Yes
80770bac-b4c9-4e5c-afa9-42a0815f77a7,2726,ProductViewed,1591807933,Yes
80770bac-b4c9-4e5c-afa9-42a0815f77a7,2726,CartViewed,1591807935,Yes
43dd2872-f10e-45b6-98fd-f4aad45905ba,3343,ProductViewed,1591807968,Yes
43dd2872-f10e-45b6-98fd-f4aad45905ba,3343,ProductViewed,1591807968,Yes
43dd2872-f10e-45b6-98fd-f4aad45905ba,3343,ProductViewed,1591807968,Yes
7386b378-a79d-42c6-9193-6d82992d8dba,511,ProductViewed,1591807997,Yes
7386b378-a79d-42c6-9193-6d82992d8dba,511,ProductViewed,1591807997,Yes
7386b378-a79d-42c6-9193-6d82992d8dba,511,ProductViewed,1591807997,Yes
c04c5c8e-d946-402a-a751-a3d33c124ccc,1958,ProductViewed,1591808033,Yes
c04c5c8e-d946-402a-a751-a3d33c124ccc,1958,ProductViewed,1591808033,Yes
c04c5c8e-d946-402a-a751-a3d33c124ccc,1958,ProductAdded,1591808033,Yes
c04c5c8e-d946-402a-a751-a3d33c124ccc,1958,ProductViewed,1591808033,Yes
610d0b43-fbc2-481c-b2cb-570a4f8c214c,295,ProductViewed,1591808063,Yes
610d0b43-fbc2-481c-b2cb-570a4f8c214c,295,ProductViewed,1591808063,Yes
610d0b43-fbc2-481c-b2cb-570a4f8c214c,295,ProductViewed,1591808063,Yes
274a765d-a58d-4d09-b9a8-8cd92739525c,4030,ProductViewed,1591808103,No
274a765d-a58d-4d09-b9a8-8cd92739525c,4030,ProductViewed,1591808103,No
274a765d-a58d-4d09-b9a8-8cd92739525c,4030,ProductViewed,1591808103,No
1689f5d9-8691-4738-9324-c468d62795f6,5876,ProductViewed,1591808138,Yes
1689f5d9-8691-4738-9324-c468d62795f6,5876,ProductViewed,1591808138,Yes
1689f5d9-8691-4738-9324-c468d62795f6,5876,ProductViewed,1591808138,Yes
2e4d07d7-8d48-4b16-a2b0-91cbaa1f7c89,1241,ProductViewed,1591808165,No
2e4d07d7-8d48-4b16-a2b0-91cbaa1f7c89,1241,ProductViewed,1591808165,No
2e4d07d7-8d48-4b16-a2b0-91cbaa1f7c89,1241,ProductAdded,1591808168,No
2e4d07d7-8d48-4b16-a2b0-91cbaa1f7c89,1241,CartViewed,1591808168,No
2e4d07d7-8d48-4b16-a2b0-91cbaa1f7c89,1241,CheckoutStarted,1591808172,No
2e4d07d7-8d48-4b16-a2b0-91cbaa1f7c89,1241,OrderCompleted,1591808175,No
2e4d07d7-8d48-4b16-a2b0-91cbaa1f7c89,1241,ProductViewed,1591808175,No
1d152012-c60b-4049-845b-9a80310e0d4a,3168,ProductViewed,1591808194,Yes
1d152012-c60b-4049-845b-9a80310e0d4a,3168,ProductViewed,1591808194,Yes
1d152012-c60b-4049-845b-9a80310e0d4a,3168,ProductViewed,1591808194,Yes
ab228b40-f692-4662-9986-6d8184dda20b,3858,ProductViewed,1591808226,No
39b4eae7-37ee-4e6d-a617-afdf77129be5,266,ProductViewed,1591808239,No
39b4eae7-37ee-4e6d-a617-afdf77129be5,266,ProductViewed,1591808239,No
39b4eae7-37ee-4e6d-a617-afdf77129be5,266,ProductViewed,1591808239,No
52b58d6c-2743-416f-8bbd-da1bbf587182,5161,ProductViewed,1591808281,Yes
52b58d6c-2743-416f-8bbd-da1bbf587182,5161,ProductViewed,1591808281,Yes
52b58d6c-2743-416f-8bbd-da1bbf587182,5161,ProductViewed,1591808281,Yes
83114893-a0bc-414c-b120-1c5ca8a35de4,4499,ProductViewed,1591808306,No
83114893-a0bc-414c-b120-1c5ca8a35de4,4499,ProductViewed,1591808306,No
83114893-a0bc-414c-b120-1c5ca8a35de4,4499,ProductAdded,1591808309,No
83114893-a0bc-414c-b120-1c5ca8a35de4,4499,ProductViewed,1591808309,No
8325cf2c-2158-4b9b-ab7a-d55e072e9ce6,4017,ProductViewed,1591808336,Yes
8325cf2c-2158-4b9b-ab7a-d55e072e9ce6,4017,ProductViewed,1591808336,Yes
8325cf2c-2158-4b9b-ab7a-d55e072e9ce6,4017,ProductViewed,1591808336,Yes
a51c8fab-87a5-4cf2-a19a-cc569398ffa9,4999,ProductViewed,1591808378,No
a51c8fab-87a5-4cf2-a19a-cc569398ffa9,4999,ProductViewed,1591808378,No
a51c8fab-87a5-4cf2-a19a-cc569398ffa9,4999,ProductViewed,1591808378,No
a51c8fab-87a5-4cf2-a19a-cc569398ffa9,4999,CartViewed,1591808383,No
2f2995da-4768-478a-a4ae-906b76d8c6fe,2768,ProductViewed,1591808412,No
2f2995da-4768-478a-a4ae-906b76d8c6fe,2768,ProductViewed,1591808412,No
2f2995da-4768-478a-a4ae-906b76d8c6fe,2768,ProductViewed,1591808412,No
d9d3351f-1fdb-4ba7-b757-55f18a1a2dc0,5846,ProductViewed,1591808437,No
d9d3351f-1fdb-4ba7-b757-55f18a1a2dc0,5846,ProductViewed,1591808437,No
d9d3351f-1fdb-4ba7-b757-55f18a1a2dc0,5846,ProductAdded,1591808440,No
d9d3351f-1fdb-4ba7-b757-55f18a1a2dc0,5846,ProductViewed,1591808440,No
7f9e25ec-34a9-4b27-9f97-041c58e6640e,2407,ProductViewed,1591808478,No
7f9e25ec-34a9-4b27-9f97-041c58e6640e,2407,ProductViewed,1591808478,No
7f9e25ec-34a9-4b27-9f97-041c58e6640e,2407,ProductViewed,1591808478,No
ec8da233-2282-4339-be21-b30268001a6c,996,ProductViewed,1591808504,No
ec8da233-2282-4339-be21-b30268001a6c,996,ProductViewed,1591808504,No
ec8da233-2282-4339-be21-b30268001a6c,996,ProductViewed,1591808504,No
de374b6b-7636-4784-b555-b5b37ee158e0,313,ProductViewed,1591808541,No
de374b6b-7636-4784-b555-b5b37ee158e0,313,ProductViewed,1591808541,No
de374b6b-7636-4784-b555-b5b37ee158e0,313,ProductViewed,1591808541,No
4509f2ec-2ed9-4906-ab6c-97f8f945defb,3044,ProductViewed,1591808574,No
4509f2ec-2ed9-4906-ab6c-97f8f945defb,3044,ProductViewed,1591808574,No
4509f2ec-2ed9-4906-ab6c-97f8f945defb,3044,ProductViewed,1591808574,No
4509f2ec-2ed9-4906-ab6c-97f8f945defb,3044,ProductAdded,1591808576,No
ff1b74e6-a4a8-495a-afe5-bb200014c20b,5178,ProductViewed,1591808600,Yes
ff1b74e6-a4a8-495a-afe5-bb200014c20b,5178,ProductViewed,1591808600,Yes
ff1b74e6-a4a8-495a-afe5-bb200014c20b,5178,CartViewed,1591808600,Yes
ff1b74e6-a4a8-495a-afe5-bb200014c20b,5178,ProductViewed,1591808600,Yes
9982cfe0-50bc-4e9f-ac2f-aa25e876035a,3983,ProductViewed,1591808633,No
9982cfe0-50bc-4e9f-ac2f-aa25e876035a,3983,ProductViewed,1591808633,No
9982cfe0-50bc-4e9f-ac2f-aa25e876035a,3983,ProductViewed,1591808633,No
d091c586-5c5b-440a-8919-a9a76989992c,4261,ProductViewed,1591808675,No
d091c586-5c5b-440a-8919-a9a76989992c,4261,ProductViewed,1591808675,No
d091c586-5c5b-440a-8919-a9a76989992c,4261,ProductViewed,1591808675,No
da045e5a-9383-482d-956b-8a3b6d705bdc,1770,ProductViewed,1591808709,Yes
da045e5a-9383-482d-956b-8a3b6d705bdc,1770,ProductViewed,1591808709,Yes
da045e5a-9383-482d-956b-8a3b6d705bdc,1770,ProductViewed,1591808709,Yes
da045e5a-9383-482d-956b-8a3b6d705bdc,1770,ProductAdded,1591808713,Yes
da045e5a-9383-482d-956b-8a3b6d705bdc,1770,CheckoutStarted,1591808718,Yes
73d9a14d-0fa0-44ca-b367-e4f9af3986ed,4291,ProductViewed,1591808736,Yes
73d9a14d-0fa0-44ca-b367-e4f9af3986ed,4291,ProductViewed,1591808736,Yes
73d9a14d-0fa0-44ca-b367-e4f9af3986ed,4291,ProductViewed,1591808736,Yes
daafaaa1-d549-4f57-a085-37113d42975d,930,ProductViewed,1591808774,Yes
daafaaa1-d549-4f57-a085-37113d42975d,930,ProductViewed,1591808774,Yes
daafaaa1-d549-4f57-a085-37113d42975d,930,ProductViewed,1591808774,Yes
36c8e225-7568-4be9-a94a-c79f9e445e7f,3458,ProductViewed,1591808799,No
36c8e225-7568-4be9-a94a-c79f9e445e7f,3458,ProductViewed,1591808799,No
36c8e225-7568-4be9-a94a-c79f9e445e7f,3458,ProductViewed,1591808799,No
3b3193de-6fa5-43e1-a322-50cf043d9480,3405,ProductViewed,1591808837,Yes
3b3193de-6fa5-43e1-a322-50cf043d9480,3405,CartViewed,1591808838,Yes
3b3193de-6fa5-43e1-a322-50cf043d9480,3405,ProductViewed,1591808838,Yes
3b3193de-6fa5-43e1-a322-50cf043d9480,3405,ProductViewed,1591808838,Yes
ff47435d-97d2-4d05-b3e8-294d4c47cbc3,252,ProductViewed,1591808870,No
ff47435d-97d2-4d05-b3e8-294d4c47cbc3,252,ProductAdded,1591808875,No
ff47435d-97d2-4d05-b3e8-294d4c47cbc3,252,ProductViewed,1591808875,No
ff47435d-97d2-4d05-b3e8-294d4c47cbc3,252,ProductViewed,1591808875,No
34ef7f57-ed89-4708-809b-fe6ba43c5af0,3417,ProductViewed,1591808902,Yes
fa3bd6b1-6739-4a80-9419-c6d782689afc,5920,ProductViewed,1591808913,Yes
fa3bd6b1-6739-4a80-9419-c6d782689afc,5920,ProductViewed,1591808913,Yes
fa3bd6b1-6739-4a80-9419-c6d782689afc,5920,ProductViewed,1591808913,Yes
47099e43-250e-4183-a84a-df2fab69dad5,577,ProductViewed,1591808952,Yes
47099e43-250e-4183-a84a-df2fab69dad5,577,ProductViewed,1591808952,Yes
47099e43-250e-4183-a84a-df2fab69dad5,577,ProductViewed,1591808952,Yes
e4db0751-f3a1-465f-bd2a-e0773d36e7fe,241,ProductViewed,1591808976,No
e4db0751-f3a1-465f-bd2a-e0773d36e7fe,241,ProductViewed,1591808976,No
e4db0751-f3a1-465f-bd2a-e0773d36e7fe,241,ProductViewed,1591808976,No
e4db0751-f3a1-465f-bd2a-e0773d36e7fe,241,ProductAdded,1591808976,No
dd8299a1-8752-458d-9f24-3cd26147e7c8,1889,ProductViewed,1591809008,No
dd8299a1-8752-458d-9f24-3cd26147e7c8,1889,ProductViewed,1591809008,No
dd8299a1-8752-458d-9f24-3cd26147e7c8,1889,ProductViewed,1591809008,No
7aba3399-b868-4dad-a2fd-05c170aa4232,4888,ProductViewed,1591809043,No
7aba3399-b868-4dad-a2fd-05c170aa4232,4888,ProductViewed,1591809043,No
7aba3399-b868-4dad-a2fd-05c170aa4232,4888,CartViewed,1591809043,No
7aba3399-b868-4dad-a2fd-05c170aa4232,4888,ProductViewed,1591809043,No
3dbfc503-b595-4fed-bb7f-b60202b0b835,1678,ProductViewed,1591809084,No
3dbfc503-b595-4fed-bb7f-b60202b0b835,1678,ProductViewed,1591809084,No
3dbfc503-b595-4fed-bb7f-b60202b0b835,1678,ProductViewed,1591809084,No
e75111c1-1770-4bfe-aa5f-60b72612e8a9,1010,ProductViewed,1591809110,No
208ca535-3433-429a-94a3-393c3ec3a7f1,3024,ProductViewed,1591809126,No
208ca535-3433-429a-94a3-393c3ec3a7f1,3024,ProductViewed,1591809126,No
208ca535-3433-429a-94a3-393c3ec3a7f1,3024,ProductViewed,1591809126,No
208ca535-3433-429a-94a3-393c3ec3a7f1,3024,ProductAdded,1591809127,No
8074a0d4-550c-459f-8647-a1cd6ffbeb36,1163,ProductViewed,1591809151,Yes
8074a0d4-550c-459f-8647-a1cd6ffbeb36,1163,ProductViewed,1591809151,Yes
8074a0d4-550c-459f-8647-a1cd6ffbeb36,1163,ProductViewed,1591809151,Yes
d0cb72b7-f819-432e-8492-9bc8b7692043,3906,ProductViewed,1591809187,Yes
d0cb72b7-f819-432e-8492-9bc8b7692043,3906,ProductViewed,1591809187,Yes
d0cb72b7-f819-432e-8492-9bc8b7692043,3906,ProductViewed,1591809187,Yes
b44343a2-6f82-41b1-b052-52e63b6ad844,1067,ProductViewed,1591809219,Yes
b44343a2-6f82-41b1-b052-52e63b6ad844,1067,ProductViewed,1591809219,Yes
b44343a2-6f82-41b1-b052-52e63b6ad844,1067,ProductViewed,1591809219,Yes
84d6c26d-9760-49d8-854b-0a22becd8241,2968,ProductViewed,1591809253,Yes
84d6c26d-9760-49d8-854b-0a22becd8241,2968,ProductViewed,1591809253,Yes
84d6c26d-9760-49d8-854b-0a22becd8241,2968,ProductViewed,1591809253,Yes
84d6c26d-9760-49d8-854b-0a22becd8241,2968,ProductAdded,1591809255,Yes
84d6c26d-9760-49d8-854b-0a22becd8241,2968,CartViewed,1591809259,Yes
84d6c26d-9760-49d8-854b-0a22becd8241,2968,CheckoutStarted,1591809264,Yes
84d6c26d-9760-49d8-854b-0a22becd8241,2968,OrderCompleted,1591809266,Yes
481b9e0a-cc70-4daa-b663-a5b8abf69a42,1508,ProductViewed,1591809283,No
481b9e0a-cc70-4daa-b663-a5b8abf69a42,1508,ProductViewed,1591809283,No
481b9e0a-cc70-4daa-b663-a5b8abf69a42,1508,ProductViewed,1591809283,No
04cec41f-e100-46e5-942e-f4f791819a47,841,ProductViewed,1591809319,No
04cec41f-e100-46e5-942e-f4f791819a47,841,ProductViewed,1591809319,No
04cec41f-e100-46e5-942e-f4f791819a47,841,ProductViewed,1591809319,No
6d0ba711-5810-4439-875d-3db9ead666b8,1282,ProductViewed,1591809350,Yes
6d0ba711-5810-4439-875d-3db9ead666b8,1282,ProductViewed,1591809350,Yes
6d0ba711-5810-4439-875d-3db9ead666b8,1282,ProductViewed,1591809350,Yes
5730d368-9c6d-48b4-ad27-c180e486621c,1026,ProductViewed,1591809386,No
5730d368-9c6d-48b4-ad27-c180e486621c,1026,ProductViewed,1591809386,No
5730d368-9c6d-48b4-ad27-c180e486621c,1026,ProductViewed,1591809386,No
0281d162-82fb-40b2-adca-6d33ddae791b,4165,ProductViewed,1591809416,Yes
0281d162-82fb-40b2-adca-6d33ddae791b,4165,ProductAdded,1591809418,Yes
0281d162-82fb-40b2-adca-6d33ddae791b,4165,ProductViewed,1591809418,Yes
0281d162-82fb-40b2-adca-6d33ddae791b,4165,ProductViewed,1591809418,Yes
2f71e413-32fe-4f1d-a28b-8995be0685e8,3052,ProductViewed,1591809447,Yes
2f71e413-32fe-4f1d-a28b-8995be0685e8,3052,ProductViewed,1591809447,Yes
2f71e413-32fe-4f1d-a28b-8995be0685e8,3052,ProductViewed,1591809447,Yes
b842b868-4117-4254-aa1c-be43b05abb87,1084,ProductViewed,1591809486,No
b842b868-4117-4254-aa1c-be43b05abb87,1084,ProductViewed,1591809486,No
b842b868-4117-4254-aa1c-be43b05abb87,1084,CartViewed,1591809486,No
b842b868-4117-4254-aa1c-be43b05abb87,1084,ProductViewed,1591809486,No
e0134f0e-a7ae-4349-a52c-f1f02139a79e,5753,ProductViewed,1591809519,Yes
e0134f0e-a7ae-4349-a52c-f1f02139a79e,5753,ProductViewed,1591809519,Yes
e0134f0e-a7ae-4349-a52c-f1f02139a79e,5753,ProductViewed,1591809519,Yes
09b832ce-73fc-49f4-bd8b-5d5e4fe9fe72,2453,ProductViewed,1591809557,No
09b832ce-73fc-49f4-bd8b-5d5e4fe9fe72,2453,ProductAdded,1591809558,No
09b832ce-73fc-49f4-bd8b-5d5e4fe9fe72,2453,ProductViewed,1591809558,No
09b832ce-73fc-49f4-bd8b-5d5e4fe9fe72,2453,ProductViewed,1591809558,No
8cad877e-5e9c-44c4-bd43-5613e1203666,4843,ProductViewed,1591809589,Yes
8cad877e-5e9c-44c4-bd43-5613e1203666,4843,ProductViewed,1591809589,Yes
8cad877e-5e9c-44c4-bd43-5613e1203666,4843,ProductViewed,1591809589,Yes
74752034-abd6-482b-a652-eca3bdbc906e,2905,ProductViewed,1591809619,Yes
74752034-abd6-482b-a652-eca3bdbc906e,2905,ProductViewed,1591809619,Yes
74752034-abd6-482b-a652-eca3bdbc906e,2905,ProductViewed,1591809619,Yes
dce75815-1d1f-4557-9a89-8fee065c5331,5184,ProductViewed,1591809653,No
dce75815-1d1f-4557-9a89-8fee065c5331,5184,ProductViewed,1591809653,No
dce75815-1d1f-4557-9a89-8fee065c5331,5184,ProductViewed,1591809653,No
23f9d5f0-2eca-4dcd-95bf-f614a73e35d3,474,ProductViewed,1591809678,Yes
23f9d5f0-2eca-4dcd-95bf-f614a73e35d3,474,ProductViewed,1591809678,Yes
23f9d5f0-2eca-4dcd-95bf-f614a73e35d3,474,ProductAdded,1591809681,Yes
23f9d5f0-2eca-4dcd-95bf-f614a73e35d3,474,ProductViewed,1591809681,Yes
af4c855d-7897-41e3-b265-35941a64e659,5966,ProductViewed,1591809718,No
af4c855d-7897-41e3-b265-35941a64e659,5966,CartViewed,1591809719,No
af4c855d-7897-41e3-b265-35941a64e659,5966,ProductViewed,1591809719,No
af4c855d-7897-41e3-b265-35941a64e659,5966,ProductViewed,1591809719,No
9bc87696-e9bd-4241-86b0-234e054a607b,3045,ProductViewed,1591809751,No
9bc87696-e9bd-4241-86b0-234e054a607b,3045,ProductViewed,1591809751,No
9bc87696-e9bd-4241-86b0-234e054a607b,3045,ProductViewed,1591809751,No
b41f8f1f-3874-4fa9-8a6e-d9b65a2902df,746,ProductViewed,1591809778,No
b41f8f1f-3874-4fa9-8a6e-d9b65a2902df,746,ProductViewed,1591809778,No
b41f8f1f-3874-4fa9-8a6e-d9b65a2902df,746,ProductViewed,1591809778,No
50ed0b72-639d-468e-ab8a-1e97be4259e6,2269,ProductViewed,1591809819,Yes
50ed0b72-639d-468e-ab8a-1e97be4259e6,2269,ProductViewed,1591809819,Yes
50ed0b72-639d-468e-ab8a-1e97be4259e6,2269,ProductAdded,1591809824,Yes
50ed0b72-639d-468e-ab8a-1e97be4259e6,2269,CheckoutStarted,1591809825,Yes
50ed0b72-639d-468e-ab8a-1e97be4259e6,2269,ProductViewed,1591809825,Yes
176dd58f-e2bf-4119-8edd-6967f005114c,5756,ProductViewed,1591809849,Yes
b4a323f8-0571-4bde-afe7-a27bc5394603,1519,ProductViewed,1591809860,No
b4a323f8-0571-4bde-afe7-a27bc5394603,1519,ProductViewed,1591809860,No
b4a323f8-0571-4bde-afe7-a27bc5394603,1519,ProductViewed,1591809860,No
3b320422-8c70-47ef-aae0-d949afa88ad1,1432,ProductViewed,1591809894,Yes
3b320422-8c70-47ef-aae0-d949afa88ad1,1432,ProductViewed,1591809894,Yes
3b320422-8c70-47ef-aae0-d949afa88ad1,1432,ProductViewed,1591809894,Yes
5ff6ab61-2296-418b-b09f-ea92e17f7bec,2789,ProductViewed,1591809922,No
ddf7cd6e-633c-4906-a391-315ad1e91966,2912,ProductViewed,1591809941,Yes
ddf7cd6e-633c-4906-a391-315ad1e91966,2912,CartViewed,1591809941,Yes
ddf7cd6e-633c-4906-a391-315ad1e91966,2912,ProductViewed,1591809941,Yes
ddf7cd6e-633c-4906-a391-315ad1e91966,2912,ProductViewed,1591809941,Yes
b4891f1e-b0b0-453f-b991-911dc0fda074,3960,ProductViewed,1591809968,No
b4891f1e-b0b0-453f-b991-911dc0fda074,3960,ProductAdded,1591809968,No
b4891f1e-b0b0-453f-b991-911dc0fda074,3960,ProductViewed,1591809968,No
b4891f1e-b0b0-453f-b991-911dc0fda074,3960,ProductViewed,1591809968,No
a6d169a8-4d21-4cb3-b04a-ba3c978b6009,5727,ProductViewed,1591810004,Yes
a6d169a8-4d21-4cb3-b04a-ba3c978b6009,5727,ProductViewed,1591810004,Yes
a6d169a8-4d21-4cb3-b04a-ba3c978b6009,5727,ProductViewed,1591810004,Yes
0f4a0199-9ad9-422a-9bca-868723b659a9,64,ProductViewed,1591810031,Yes
0f4a0199-9ad9-422a-9bca-868723b659a9,64,ProductViewed,1591810031,Yes
0f4a0199-9ad9-422a-9bca-868723b659a9,64,ProductViewed,1591810031,Yes
4c7ab4e5-2028-409c-9b68-afb2a7dc68be,5153,ProductViewed,1591810072,Yes
4c7ab4e5-2028-409c-9b68-afb2a7dc68be,5153,ProductViewed,1591810072,Yes
4c7ab4e5-2028-409c-9b68-afb2a7dc68be,5153,ProductViewed,1591810072,Yes
20fb1207-9bb2-4e68-9d86-b0368d55c82f,1280,ProductViewed,1591810103,Yes
20fb1207-9bb2-4e68-9d86-b0368d55c82f,1280,ProductAdded,1591810103,Yes
20fb1207-9bb2-4e68-9d86-b0368d55c82f,1280,ProductViewed,1591810103,Yes
20fb1207-9bb2-4e68-9d86-b0368d55c82f,1280,ProductViewed,1591810103,Yes
39b4eae7-37ee-4e6d-a617-afdf77129be5,5556,ProductViewed,1591810132,No
caefdbe5-25ca-4d72-8aa1-c4a9662e5db7,4455,ProductViewed,1591810144,No
87603f27-7e5a-441e-95f6-ee33878695da,5178,ProductViewed,1591810152,No
87603f27-7e5a-441e-95f6-ee33878695da,5178,CartViewed,1591810154,No
87603f27-7e5a-441e-95f6-ee33878695da,5178,ProductViewed,1591810154,No
87603f27-7e5a-441e-95f6-ee33878695da,5178,ProductViewed,1591810154,No
e83f8280-a563-4744-9e19-02a8f0828872,5477,ProductViewed,1591810188,Yes
e83f8280-a563-4744-9e19-02a8f0828872,5477,ProductViewed,1591810188,Yes
e83f8280-a563-4744-9e19-02a8f0828872,5477,ProductViewed,1591810188,Yes
1c54c650-dc19-486b-99a2-8621278acb9b,3264,ProductViewed,1591810226,No
1c54c650-dc19-486b-99a2-8621278acb9b,3264,ProductViewed,1591810226,No
1c54c650-dc19-486b-99a2-8621278acb9b,3264,ProductViewed,1591810226,No
1c54c650-dc19-486b-99a2-8621278acb9b,3264,ProductAdded,1591810231,No
d27f4e83-4730-4075-b5c5-766b1a732fe9,3246,ProductViewed,1591810261,Yes
7859ff06-a36e-4f37-b3af-ab1e0d0a6a73,2070,ProductViewed,1591810271,Yes
7859ff06-a36e-4f37-b3af-ab1e0d0a6a73,2070,ProductViewed,1591810271,Yes
7859ff06-a36e-4f37-b3af-ab1e0d0a6a73,2070,ProductViewed,1591810271,Yes
3b7f5d4a-fa55-4a8d-a569-1e1f84462112,1606,ProductViewed,1591810294,No
3b7f5d4a-fa55-4a8d-a569-1e1f84462112,1606,ProductViewed,1591810294,No
3b7f5d4a-fa55-4a8d-a569-1e1f84462112,1606,ProductViewed,1591810294,No
90946422-31ea-4dd1-8651-a9e3a122bcf6,578,ProductViewed,1591810331,No
90946422-31ea-4dd1-8651-a9e3a122bcf6,578,ProductViewed,1591810331,No
90946422-31ea-4dd1-8651-a9e3a122bcf6,578,ProductViewed,1591810331,No
35efa417-357d-465e-99cb-b208bbc63f8b,4372,ProductViewed,1591810368,Yes
35efa417-357d-465e-99cb-b208bbc63f8b,4372,ProductViewed,1591810368,Yes
35efa417-357d-465e-99cb-b208bbc63f8b,4372,ProductAdded,1591810369,Yes
35efa417-357d-465e-99cb-b208bbc63f8b,4372,CartViewed,1591810370,Yes
35efa417-357d-465e-99cb-b208bbc63f8b,4372,CheckoutStarted,1591810370,Yes
35efa417-357d-465e-99cb-b208bbc63f8b,4372,OrderCompleted,1591810373,Yes
35efa417-357d-465e-99cb-b208bbc63f8b,4372,ProductViewed,1591810373,Yes
49c8a5bf-2e7b-4072-b0cd-f8f831f84ebc,2374,ProductViewed,1591810395,Yes
53ce7597-bb59-45e0-a3a3-ca3ef6f7ce1c,4703,ProductViewed,1591810407,No
53ce7597-bb59-45e0-a3a3-ca3ef6f7ce1c,4703,ProductViewed,1591810407,No
53ce7597-bb59-45e0-a3a3-ca3ef6f7ce1c,4703,ProductViewed,1591810407,No
26744e55-7e27-4192-be27-af96c812fd3e,4354,ProductViewed,1591810447,Yes
26744e55-7e27-4192-be27-af96c812fd3e,4354,ProductViewed,1591810447,Yes
26744e55-7e27-4192-be27-af96c812fd3e,4354,ProductViewed,1591810447,Yes
89b22997-f0a4-4846-9683-2d10f65bb45a,4453,ProductViewed,1591810474,No
89b22997-f0a4-4846-9683-2d10f65bb45a,4453,ProductViewed,1591810474,No
89b22997-f0a4-4846-9683-2d10f65bb45a,4453,ProductViewed,1591810474,No
f9456fda-e693-4046-a73f-64c9bedddad7,2395,ProductViewed,1591810512,No
f9456fda-e693-4046-a73f-64c9bedddad7,2395,ProductViewed,1591810512,No
f9456fda-e693-4046-a73f-64c9bedddad7,2395,ProductAdded,1591810517,No
f9456fda-e693-4046-a73f-64c9bedddad7,2395,ProductViewed,1591810517,No
9d8bf17d-3e72-41ba-943b-43eaeae84422,1129,ProductViewed,1591810547,Yes
9d8bf17d-3e72-41ba-943b-43eaeae84422,1129,ProductViewed,1591810547,Yes
9d8bf17d-3e72-41ba-943b-43eaeae84422,1129,ProductViewed,1591810547,Yes
c24f3888-fdf7-44d6-bf3e-26ae57cba8b9,988,ProductViewed,1591810578,No
c24f3888-fdf7-44d6-bf3e-26ae57cba8b9,988,ProductViewed,1591810578,No
c24f3888-fdf7-44d6-bf3e-26ae57cba8b9,988,ProductViewed,1591810578,No
c24f3888-fdf7-44d6-bf3e-26ae57cba8b9,988,CartViewed,1591810581,No
d055f31f-2e3e-4338-ac64-521f88779b50,1144,ProductViewed,1591810606,No
4cabc8ea-263b-4642-bce6-7309d60f3e08,2901,ProductViewed,1591810624,No
4cabc8ea-263b-4642-bce6-7309d60f3e08,2901,ProductViewed,1591810624,No
4cabc8ea-263b-4642-bce6-7309d60f3e08,2901,ProductViewed,1591810624,No
f31e0276-66fd-463b-9dbf-fd7a35e6a109,3401,ProductViewed,1591810653,Yes
f31e0276-66fd-463b-9dbf-fd7a35e6a109,3401,ProductAdded,1591810658,Yes
f31e0276-66fd-463b-9dbf-fd7a35e6a109,3401,ProductViewed,1591810658,Yes
f31e0276-66fd-463b-9dbf-fd7a35e6a109,3401,ProductViewed,1591810658,Yes
5e794430-4bc9-411f-b912-9007baaa67e2,4109,ProductViewed,1591810689,Yes
5e794430-4bc9-411f-b912-9007baaa67e2,4109,ProductViewed,1591810689,Yes
5e794430-4bc9-411f-b912-9007baaa67e2,4109,ProductViewed,1591810689,Yes
bb80331b-7da8-4edc-a797-e1d462c14e82,494,ProductViewed,1591810714,No
6eb26fcd-fe7b-4a47-bad7-22a4a46c7377,4060,ProductViewed,1591810732,Yes
6eb26fcd-fe7b-4a47-bad7-22a4a46c7377,4060,ProductViewed,1591810732,Yes
6eb26fcd-fe7b-4a47-bad7-22a4a46c7377,4060,ProductViewed,1591810732,Yes
8f2daabd-cfb4-48a5-879a-ce4a2a9d922e,1768,ProductViewed,1591810763,Yes
8f2daabd-cfb4-48a5-879a-ce4a2a9d922e,1768,ProductViewed,1591810763,Yes
8f2daabd-cfb4-48a5-879a-ce4a2a9d922e,1768,ProductViewed,1591810763,Yes
01a8978b-2a84-4dbd-acc4-aff74a468681,3203,ProductViewed,1591810789,No
01a8978b-2a84-4dbd-acc4-aff74a468681,3203,ProductAdded,1591810793,No
01a8978b-2a84-4dbd-acc4-aff74a468681,3203,ProductViewed,1591810793,No
01a8978b-2a84-4dbd-acc4-aff74a468681,3203,ProductViewed,1591810793,No
01a8978b-2a84-4dbd-acc4-aff74a468681,3203,CartViewed,1591810793,No
462c7968-3fc8-4ce4-aef2-b732e87ac895,5628,ProductViewed,1591810832,No
462c7968-3fc8-4ce4-aef2-b732e87ac895,5628,ProductViewed,1591810832,No
462c7968-3fc8-4ce4-aef2-b732e87ac895,5628,ProductViewed,1591810832,No
ea26b793-5078-4e8c-8fed-7fdcde4fc559,5481,ProductViewed,1591810860,No
ea26b793-5078-4e8c-8fed-7fdcde4fc559,5481,ProductViewed,1591810860,No
ea26b793-5078-4e8c-8fed-7fdcde4fc559,5481,ProductViewed,1591810860,No
434b62f5-08ac-47c8-9847-bdfcb7283f08,338,ProductViewed,1591810888,Yes
434b62f5-08ac-47c8-9847-bdfcb7283f08,338,ProductViewed,1591810888,Yes
434b62f5-08ac-47c8-9847-bdfcb7283f08,338,ProductViewed,1591810888,Yes
2dad0e8f-41d6-4490-ae4d-6a712007b4e7,2215,ProductViewed,1591810932,No
2dad0e8f-41d6-4490-ae4d-6a712007b4e7,2215,ProductAdded,1591810934,No
2dad0e8f-41d6-4490-ae4d-6a712007b4e7,2215,CheckoutStarted,1591810939,No
2dad0e8f-41d6-4490-ae4d-6a712007b4e7,2215,ProductViewed,1591810939,No
2dad0e8f-41d6-4490-ae4d-6a712007b4e7,2215,ProductViewed,1591810939,No
ebc42a2f-c549-4dfe-9b41-426e8a08bf90,1858,ProductViewed,1591810963,Yes
ebc42a2f-c549-4dfe-9b41-426e8a08bf90,1858,ProductViewed,1591810963,Yes
ebc42a2f-c549-4dfe-9b41-426e8a08bf90,1858,ProductViewed,1591810963,Yes
4145a8e5-1cb8-45c5-9c9e-97fa7ee5cc20,2359,ProductViewed,1591810993,Yes
4145a8e5-1cb8-45c5-9c9e-97fa7ee5cc20,2359,ProductViewed,1591810993,Yes
4145a8e5-1cb8-45c5-9c9e-97fa7ee5cc20,2359,ProductViewed,1591810993,Yes
c26266b9-e809-4543-a6e2-b70a56b4c362,3776,ProductViewed,1591811026,No
c26266b9-e809-4543-a6e2-b70a56b4c362,3776,ProductViewed,1591811026,No
c26266b9-e809-4543-a6e2-b70a56b4c362,3776,CartViewed,1591811027,No
c26266b9-e809-4543-a6e2-b70a56b4c362,3776,ProductViewed,1591811027,No
a4c0f41d-4e7d-422c-86f1-57432c0fdba2,2710,ProductViewed,1591811063,Yes
a4c0f41d-4e7d-422c-86f1-57432c0fdba2,2710,ProductViewed,1591811063,Yes
a4c0f41d-4e7d-422c-86f1-57432c0fdba2,2710,ProductAdded,1591811066,Yes
a4c0f41d-4e7d-422c-86f1-57432c0fdba2,2710,ProductViewed,1591811066,Yes
41a12d66-8172-4551-be7d-f575f9d85098,1213,ProductViewed,1591811097,Yes
41a12d66-8172-4551-be7d-f575f9d85098,1213,ProductViewed,1591811097,Yes
41a12d66-8172-4551-be7d-f575f9d85098,1213,ProductViewed,1591811097,Yes
4ea3fcbe-665b-4c33-b8b6-1d593460153d,1209,ProductViewed,1591811121,No
4ea3fcbe-665b-4c33-b8b6-1d593460153d,1209,ProductViewed,1591811121,No
4ea3fcbe-665b-4c33-b8b6-1d593460153d,1209,ProductViewed,1591811121,No
50b8092d-7f72-4fca-924f-1a953570cece,1712,ProductViewed,1591811159,No
50b8092d-7f72-4fca-924f-1a953570cece,1712,ProductViewed,1591811159,No
50b8092d-7f72-4fca-924f-1a953570cece,1712,ProductViewed,1591811159,No
9c4c0c85-7275-4393-a0ad-897148d4ba9f,2861,ProductViewed,1591811191,No
9c4c0c85-7275-4393-a0ad-897148d4ba9f,2861,ProductViewed,1591811191,No
9c4c0c85-7275-4393-a0ad-897148d4ba9f,2861,ProductAdded,1591811194,No
9c4c0c85-7275-4393-a0ad-897148d4ba9f,2861,ProductViewed,1591811194,No
39300780-00db-40bd-97e4-0a8c35f003bf,4031,ProductViewed,1591811221,No
39300780-00db-40bd-97e4-0a8c35f003bf,4031,ProductViewed,1591811221,No
39300780-00db-40bd-97e4-0a8c35f003bf,4031,ProductViewed,1591811221,No
95be8b94-feeb-48df-8449-34924e4d849d,1608,ProductViewed,1591811254,Yes
95be8b94-feeb-48df-8449-34924e4d849d,1608,CartViewed,1591811258,Yes
95be8b94-feeb-48df-8449-34924e4d849d,1608,ProductViewed,1591811258,Yes
95be8b94-feeb-48df-8449-34924e4d849d,1608,ProductViewed,1591811258,Yes
8c66f6d3-85de-4cff-bc4a-f05e34587813,5817,ProductViewed,1591811290,Yes
8c66f6d3-85de-4cff-bc4a-f05e34587813,5817,ProductViewed,1591811290,Yes
8c66f6d3-85de-4cff-bc4a-f05e34587813,5817,ProductViewed,1591811290,Yes
dd9e97a6-4281-40a5-9048-fde7809623fb,273,ProductViewed,1591811318,No
dd9e97a6-4281-40a5-9048-fde7809623fb,273,ProductViewed,1591811318,No
dd9e97a6-4281-40a5-9048-fde7809623fb,273,ProductViewed,1591811318,No
dd9e97a6-4281-40a5-9048-fde7809623fb,273,ProductAdded,1591811319,No
c1f90b12-59c8-4af3-8dd6-d8dbd16d5422,2979,ProductViewed,1591811360,Yes
269f2084-4e82-4ed8-a8d9-624ef27cf681,5551,ProductViewed,1591811370,Yes
269f2084-4e82-4ed8-a8d9-624ef27cf681,5551,ProductViewed,1591811370,Yes
269f2084-4e82-4ed8-a8d9-624ef27cf681,5551,ProductViewed,1591811370,Yes
76a7c3b8-ecee-405c-8fc8-f68418ba95f9,2438,ProductViewed,1591811405,No
76a7c3b8-ecee-405c-8fc8-f68418ba95f9,2438,ProductViewed,1591811405,No
76a7c3b8-ecee-405c-8fc8-f68418ba95f9,2438,ProductViewed,1591811405,No
7bdf74bc-2f36-4528-ad40-0d13f534a057,4196,ProductViewed,1591811432,No
7bdf74bc-2f36-4528-ad40-0d13f534a057,4196,ProductViewed,1591811432,No
7bdf74bc-2f36-4528-ad40-0d13f534a057,4196,ProductViewed,1591811432,No
a4e927f7-53bb-4f85-9284-26d150330d59,3371,ProductViewed,1591811470,Yes
a4e927f7-53bb-4f85-9284-26d150330d59,3371,ProductViewed,1591811470,Yes
a4e927f7-53bb-4f85-9284-26d150330d59,3371,ProductAdded,1591811475,Yes
a4e927f7-53bb-4f85-9284-26d150330d59,3371,CartViewed,1591811479,Yes
a4e927f7-53bb-4f85-9284-26d150330d59,3371,CheckoutStarted,1591811484,Yes
a4e927f7-53bb-4f85-9284-26d150330d59,3371,OrderCompleted,1591811489,Yes
a4e927f7-53bb-4f85-9284-26d150330d59,3371,ProductViewed,1591811489,Yes
17ab5081-8414-4cab-9003-033ec02b44da,4483,ProductViewed,1591811499,No
17ab5081-8414-4cab-9003-033ec02b44da,4483,ProductViewed,1591811499,No
17ab5081-8414-4cab-9003-033ec02b44da,4483,ProductViewed,1591811499,No
da94e783-5959-4df1-bca1-6719ece02699,4760,ProductViewed,1591811530,No
da94e783-5959-4df1-bca1-6719ece02699,4760,ProductViewed,1591811530,No
da94e783-5959-4df1-bca1-6719ece02699,4760,ProductViewed,1591811530,No
9a393431-2a27-4bb5-97fd-74ab904cec03,5769,ProductViewed,1591811564,Yes
9a393431-2a27-4bb5-97fd-74ab904cec03,5769,ProductViewed,1591811564,Yes
9a393431-2a27-4bb5-97fd-74ab904cec03,5769,ProductViewed,1591811564,Yes
5414abd6-a246-4e44-83d9-0ca413290ab0,2179,ProductViewed,1591811592,Yes
5414abd6-a246-4e44-83d9-0ca413290ab0,2179,ProductViewed,1591811592,Yes
5414abd6-a246-4e44-83d9-0ca413290ab0,2179,ProductViewed,1591811592,Yes
5414abd6-a246-4e44-83d9-0ca413290ab0,2179,ProductAdded,1591811593,Yes
5f4badb3-6313-44ee-b1a6-f6d644e4b8ad,2866,ProductViewed,1591811635,Yes
5f4badb3-6313-44ee-b1a6-f6d644e4b8ad,2866,ProductViewed,1591811635,Yes
5f4badb3-6313-44ee-b1a6-f6d644e4b8ad,2866,ProductViewed,1591811635,Yes
885f38a7-46dc-4a5d-aa24-39799a72377b,59,ProductViewed,1591811664,Yes
885f38a7-46dc-4a5d-aa24-39799a72377b,59,ProductViewed,1591811664,Yes
885f38a7-46dc-4a5d-aa24-39799a72377b,59,ProductViewed,1591811664,Yes
3e766c14-75f3-4b25-8808-32b97393434b,5575,ProductViewed,1591811700,No
3e766c14-75f3-4b25-8808-32b97393434b,5575,CartViewed,1591811703,No
3e766c14-75f3-4b25-8808-32b97393434b,5575,ProductViewed,1591811703,No
3e766c14-75f3-4b25-8808-32b97393434b,5575,ProductViewed,1591811703,No
4ac6fe0c-cc84-4c7b-99e3-45c95de4e68f,4570,ProductViewed,1591811731,No
c48cdd85-79da-4903-8bbf-93ee217f1fb6,1580,ProductViewed,1591811736,Yes
c48cdd85-79da-4903-8bbf-93ee217f1fb6,1580,ProductViewed,1591811736,Yes
c48cdd85-79da-4903-8bbf-93ee217f1fb6,1580,ProductAdded,1591811740,Yes
c48cdd85-79da-4903-8bbf-93ee217f1fb6,1580,ProductViewed,1591811740,Yes
2a69de63-48a5-4fcf-b086-4faab06bf63a,702,ProductViewed,1591811773,No
2a69de63-48a5-4fcf-b086-4faab06bf63a,702,ProductViewed,1591811773,No
2a69de63-48a5-4fcf-b086-4faab06bf63a,702,ProductViewed,1591811773,No
e99c24df-ebe9-429e-8c69-cd80132b87b3,4391,ProductViewed,1591811806,No
e99c24df-ebe9-429e-8c69-cd80132b87b3,4391,ProductViewed,1591811806,No
e99c24df-ebe9-429e-8c69-cd80132b87b3,4391,ProductViewed,1591811806,No
3b3a9942-cea3-49b2-b526-25a5cefa71c5,2094,ProductViewed,1591811834,Yes
3b3a9942-cea3-49b2-b526-25a5cefa71c5,2094,ProductViewed,1591811834,Yes
3b3a9942-cea3-49b2-b526-25a5cefa71c5,2094,ProductViewed,1591811834,Yes
9dab47f8-83a3-45e8-b2d1-377365203bf4,1558,ProductViewed,1591811870,Yes
9dab47f8-83a3-45e8-b2d1-377365203bf4,1558,ProductViewed,1591811870,Yes
9dab47f8-83a3-45e8-b2d1-377365203bf4,1558,ProductViewed,1591811870,Yes
9dab47f8-83a3-45e8-b2d1-377365203bf4,1558,ProductAdded,1591811874,Yes
c50abd81-e526-45b8-aca8-296abf01699a,2833,ProductViewed,1591811903,Yes
c50abd81-e526-45b8-aca8-296abf01699a,2833,ProductViewed,1591811903,Yes
c50abd81-e526-45b8-aca8-296abf01699a,2833,CartViewed,1591811905,Yes
c50abd81-e526-45b8-aca8-296abf01699a,2833,ProductViewed,1591811905,Yes
131f849e-cffb-4332-bbe0-183ffb4d272f,5511,ProductViewed,1591811937,No
131f849e-cffb-4332-bbe0-183ffb4d272f,5511,ProductViewed,1591811937,No
131f849e-cffb-4332-bbe0-183ffb4d272f,5511,ProductViewed,1591811937,No
b803aff7-6e4b-4beb-8d1d-dc7fe609274d,2558,ProductViewed,1591811972,No
b803aff7-6e4b-4beb-8d1d-dc7fe609274d,2558,ProductViewed,1591811972,No
b803aff7-6e4b-4beb-8d1d-dc7fe609274d,2558,ProductViewed,1591811972,No
5106afab-048f-4d9f-b62b-3166e42ba01e,2087,ProductViewed,1591812010,Yes
5106afab-048f-4d9f-b62b-3166e42ba01e,2087,ProductViewed,1591812010,Yes
5106afab-048f-4d9f-b62b-3166e42ba01e,2087,ProductViewed,1591812010,Yes
5106afab-048f-4d9f-b62b-3166e42ba01e,2087,ProductAdded,1591812011,Yes
5106afab-048f-4d9f-b62b-3166e42ba01e,2087,CheckoutStarted,1591812011,Yes
468a8075-7b32-47dc-b5dd-1ecb3a5d26f4,2506,ProductViewed,1591812033,No
468a8075-7b32-47dc-b5dd-1ecb3a5d26f4,2506,ProductViewed,1591812033,No
468a8075-7b32-47dc-b5dd-1ecb3a5d26f4,2506,ProductViewed,1591812033,No
6ca2a410-aba9-4c73-9dae-d188412e0e50,76,ProductViewed,1591812076,Yes
6ca2a410-aba9-4c73-9dae-d188412e0e50,76,ProductViewed,1591812076,Yes
6ca2a410-aba9-4c73-9dae-d188412e0e50,76,ProductViewed,1591812076,Yes
f1eb9d5b-94d8-4c3d-bf0b-3cad66c5f58e,3590,ProductViewed,1591812104,Yes
f1eb9d5b-94d8-4c3d-bf0b-3cad66c5f58e,3590,ProductViewed,1591812104,Yes
f1eb9d5b-94d8-4c3d-bf0b-3cad66c5f58e,3590,ProductViewed,1591812104,Yes
e5f9478b-9d05-450f-b5da-2b525c7f843b,4044,ProductViewed,1591812132,Yes
e5f9478b-9d05-450f-b5da-2b525c7f843b,4044,CartViewed,1591812132,Yes
e5f9478b-9d05-450f-b5da-2b525c7f843b,4044,ProductViewed,1591812132,Yes
e5f9478b-9d05-450f-b5da-2b525c7f843b,4044,ProductViewed,1591812132,Yes
67dbce8c-84d8-4715-8bf7-1590ad56ac91,668,ProductViewed,1591812166,No
67dbce8c-84d8-4715-8bf7-1590ad56ac91,668,ProductAdded,1591812169,No
67dbce8c-84d8-4715-8bf7-1590ad56ac91,668,ProductViewed,1591812169,No
67dbce8c-84d8-4715-8bf7-1590ad56ac91,668,ProductViewed,1591812169,No
092a278e-4d04-4ce3-bc18-e8a0491a9fb5,1749,ProductViewed,1591812198,No
092a278e-4d04-4ce3-bc18-e8a0491a9fb5,1749,ProductViewed,1591812198,No
092a278e-4d04-4ce3-bc18-e8a0491a9fb5,1749,ProductViewed,1591812198,No
9a393431-2a27-4bb5-97fd-74ab904cec03,3498,ProductViewed,1591812236,No
a3a40b11-89eb-4492-96e2-4cf1ffeb3f58,323,ProductViewed,1591812244,No
2de31913-a3d6-4e93-a8a9-17983f24e2f8,4015,ProductViewed,1591812256,No
2de31913-a3d6-4e93-a8a9-17983f24e2f8,4015,ProductViewed,1591812256,No
2de31913-a3d6-4e93-a8a9-17983f24e2f8,4015,ProductViewed,1591812256,No
04f098b3-f42f-4f8a-96b4-63cb789d00c0,2885,ProductViewed,1591812291,No
04f098b3-f42f-4f8a-96b4-63cb789d00c0,2885,ProductViewed,1591812291,No
04f098b3-f42f-4f8a-96b4-63cb789d00c0,2885,ProductAdded,1591812291,No
04f098b3-f42f-4f8a-96b4-63cb789d00c0,2885,ProductViewed,1591812291,No
7160b264-e3ed-4ac3-9dd7-2c537b00e5ed,4564,ProductViewed,1591812327,No
7160b264-e3ed-4ac3-9dd7-2c537b00e5ed,4564,ProductViewed,1591812327,No
7160b264-e3ed-4ac3-9dd7-2c537b00e5ed,4564,ProductViewed,1591812327,No
a3ad25e8-c9c3-459a-a853-c26a0ad837eb,4433,ProductViewed,1591812362,No
a3ad25e8-c9c3-459a-a853-c26a0ad837eb,4433,CartViewed,1591812364,No
a3ad25e8-c9c3-459a-a853-c26a0ad837eb,4433,ProductViewed,1591812364,No
a3ad25e8-c9c3-459a-a853-c26a0ad837eb,4433,ProductViewed,1591812364,No
a15e69d5-0765-4be4-8932-cf006edeff0c,3620,ProductViewed,1591812391,No
a15e69d5-0765-4be4-8932-cf006edeff0c,3620,ProductViewed,1591812391,No
a15e69d5-0765-4be4-8932-cf006edeff0c,3620,ProductViewed,1591812391,No
c14e9f90-ca7c-4f8b-aace-fa9b9cb27a83,4393,ProductViewed,1591812421,No
c14e9f90-ca7c-4f8b-aace-fa9b9cb27a83,4393,ProductViewed,1591812421,No
c14e9f90-ca7c-4f8b-aace-fa9b9cb27a83,4393,ProductViewed,1591812421,No
c14e9f90-ca7c-4f8b-aace-fa9b9cb27a83,4393,ProductAdded,1591812422,No
e806c545-1004-4a21-a665-845fd321a0f7,136,ProductViewed,1591812461,Yes
e806c545-1004-4a21-a665-845fd321a0f7,136,ProductViewed,1591812461,Yes
e806c545-1004-4a21-a665-845fd321a0f7,136,ProductViewed,1591812461,Yes
b41b240a-6046-4f78-a4b7-9ce904e726d6,811,ProductViewed,1591812489,Yes
b41b240a-6046-4f78-a4b7-9ce904e726d6,811,ProductViewed,1591812489,Yes
b41b240a-6046-4f78-a4b7-9ce904e726d6,811,ProductViewed,1591812489,Yes
a8234c1a-de42-4e7a-93fb-105a1c28a6a0,2038,ProductViewed,1591812527,No
a8234c1a-de42-4e7a-93fb-105a1c28a6a0,2038,ProductViewed,1591812527,No
a8234c1a-de42-4e7a-93fb-105a1c28a6a0,2038,ProductViewed,1591812527,No
a9d6ceb2-92da-4523-af26-8df87ca7569f,5404,ProductViewed,1591812557,Yes
a9d6ceb2-92da-4523-af26-8df87ca7569f,5404,ProductViewed,1591812557,Yes
a9d6ceb2-92da-4523-af26-8df87ca7569f,5404,ProductViewed,1591812557,Yes
a9d6ceb2-92da-4523-af26-8df87ca7569f,5404,ProductAdded,1591812561,Yes
a9d6ceb2-92da-4523-af26-8df87ca7569f,5404,CartViewed,1591812564,Yes
a9d6ceb2-92da-4523-af26-8df87ca7569f,5404,CheckoutStarted,1591812564,Yes
a9d6ceb2-92da-4523-af26-8df87ca7569f,5404,OrderCompleted,1591812564,Yes
7750f919-4d16-4804-939c-6c5c4094354a,3152,ProductViewed,1591812583,No
7750f919-4d16-4804-939c-6c5c4094354a,3152,ProductViewed,1591812583,No
7750f919-4d16-4804-939c-6c5c4094354a,3152,ProductViewed,1591812583,No
db3c71cc-6d04-4559-bafc-449a20029244,4626,ProductViewed,1591812625,No
db3c71cc-6d04-4559-bafc-449a20029244,4626,ProductViewed,1591812625,No
db3c71cc-6d04-4559-bafc-449a20029244,4626,ProductViewed,1591812625,No
4a07c36b-f4e7-4cc1-919e-e48563c1ad61,5870,ProductViewed,1591812658,No
4a07c36b-f4e7-4cc1-919e-e48563c1ad61,5870,ProductViewed,1591812658,No
4a07c36b-f4e7-4cc1-919e-e48563c1ad61,5870,ProductViewed,1591812658,No
5d37a44b-d121-426e-b528-59e603ba5923,2312,ProductViewed,1591812684,Yes
5d37a44b-d121-426e-b528-59e603ba5923,2312,ProductViewed,1591812684,Yes
5d37a44b-d121-426e-b528-59e603ba5923,2312,ProductViewed,1591812684,Yes
492bbb4d-5f25-44be-b0d4-1a9c8ed0ed02,531,ProductViewed,1591812724,No
492bbb4d-5f25-44be-b0d4-1a9c8ed0ed02,531,ProductAdded,1591812726,No
492bbb4d-5f25-44be-b0d4-1a9c8ed0ed02,531,ProductViewed,1591812726,No
492bbb4d-5f25-44be-b0d4-1a9c8ed0ed02,531,ProductViewed,1591812726,No
cbac7097-59a4-4152-b304-08b778177d63,1914,ProductViewed,1591812754,No
cbac7097-59a4-4152-b304-08b778177d63,1914,ProductViewed,1591812754,No
cbac7097-59a4-4152-b304-08b778177d63,1914,ProductViewed,1591812754,No
191c57f9-3595-450c-9c14-d67a1771549a,2350,ProductViewed,1591812782,No
191c57f9-3595-450c-9c14-d67a1771549a,2350,ProductViewed,1591812782,No
191c57f9-3595-450c-9c14-d67a1771549a,2350,CartViewed,1591812782,No
191c57f9-3595-450c-9c14-d67a1771549a,2350,ProductViewed,1591812782,No
da1f2a8f-5372-4102-b357-9e40900ebb08,4532,ProductViewed,1591812818,No
da1f2a8f-5372-4102-b357-9e40900ebb08,4532,ProductViewed,1591812818,No
da1f2a8f-5372-4102-b357-9e40900ebb08,4532,ProductViewed,1591812818,No
514cbd7d-71d8-4b75-8a67-448f40bab8e4,4796,ProductViewed,1591812848,No
514cbd7d-71d8-4b75-8a67-448f40bab8e4,4796,ProductAdded,1591812851,No
514cbd7d-71d8-4b75-8a67-448f40bab8e4,4796,ProductViewed,1591812851,No
514cbd7d-71d8-4b75-8a67-448f40bab8e4,4796,ProductViewed,1591812851,No
7c859d38-407a-4b5f-8125-c901bd3f5562,1272,ProductViewed,1591812887,No
7c859d38-407a-4b5f-8125-c901bd3f5562,1272,ProductViewed,1591812887,No
7c859d38-407a-4b5f-8125-c901bd3f5562,1272,ProductViewed,1591812887,No
0c4744e2-b989-4509-a7e2-7d8dc43ff404,627,ProductViewed,1591812915,Yes
76179541-8214-4940-bfa8-6d93739ba436,4070,ProductViewed,1591812934,No
76179541-8214-4940-bfa8-6d93739ba436,4070,ProductViewed,1591812934,No
76179541-8214-4940-bfa8-6d93739ba436,4070,ProductViewed,1591812934,No
f10a57a1-bd56-4118-a083-4838b0aeccfc,1749,ProductViewed,1591812958,No
f10a57a1-bd56-4118-a083-4838b0aeccfc,1749,ProductViewed,1591812958,No
f10a57a1-bd56-4118-a083-4838b0aeccfc,1749,ProductViewed,1591812958,No
2f11beab-a8ab-40c5-87af-9e7acce72e6b,1915,ProductViewed,1591812994,No
2f11beab-a8ab-40c5-87af-9e7acce72e6b,1915,ProductAdded,1591812998,No
2f11beab-a8ab-40c5-87af-9e7acce72e6b,1915,ProductViewed,1591812998,No
2f11beab-a8ab-40c5-87af-9e7acce72e6b,1915,ProductViewed,1591812998,No
2f11beab-a8ab-40c5-87af-9e7acce72e6b,1915,CartViewed,1591813002,No
b58b6838-04f7-4d13-bd35-633883f94a11,1086,ProductViewed,1591813023,No
b58b6838-04f7-4d13-bd35-633883f94a11,1086,ProductViewed,1591813023,No
b58b6838-04f7-4d13-bd35-633883f94a11,1086,ProductViewed,1591813023,No
1395fa7c-cceb-4ed2-a0dc-16500c639165,5047,ProductViewed,1591813063,No
1395fa7c-cceb-4ed2-a0dc-16500c639165,5047,ProductViewed,1591813063,No
1395fa7c-cceb-4ed2-a0dc-16500c639165,5047,ProductViewed,1591813063,No
8c99de3f-95b9-4cc5-8e1a-87a5fac313fa,4884,ProductViewed,1591813095,No
8c99de3f-95b9-4cc5-8e1a-87a5fac313fa,4884,ProductViewed,1591813095,No
8c99de3f-95b9-4cc5-8e1a-87a5fac313fa,4884,ProductViewed,1591813095,No
fa496dad-dab8-4c6e-9836-eb7dcfb2724f,2529,ProductViewed,1591813124,Yes
fa496dad-dab8-4c6e-9836-eb7dcfb2724f,2529,ProductAdded,1591813128,Yes
fa496dad-dab8-4c6e-9836-eb7dcfb2724f,2529,CheckoutStarted,1591813133,Yes
fa496dad-dab8-4c6e-9836-eb7dcfb2724f,2529,ProductViewed,1591813133,Yes
fa496dad-dab8-4c6e-9836-eb7dcfb2724f,2529,ProductViewed,1591813133,Yes
3946f4c8-1b5b-4161-b794-70b33affb671,1336,ProductViewed,1591813161,No
3946f4c8-1b5b-4161-b794-70b33affb671,1336,ProductViewed,1591813161,No
3946f4c8-1b5b-4161-b794-70b33affb671,1336,ProductViewed,1591813161,No
3d8bb35f-761d-43a8-84a5-d7beff8bc8c0,3940,ProductViewed,1591813198,No
3d8bb35f-761d-43a8-84a5-d7beff8bc8c0,3940,ProductViewed,1591813198,No
3d8bb35f-761d-43a8-84a5-d7beff8bc8c0,3940,ProductViewed,1591813198,No
b2acb802-2873-4604-87ae-4f01f1dafb80,646,ProductViewed,1591813229,Yes
b2acb802-2873-4604-87ae-4f01f1dafb80,646,ProductViewed,1591813229,Yes
b2acb802-2873-4604-87ae-4f01f1dafb80,646,CartViewed,1591813232,Yes
b2acb802-2873-4604-87ae-4f01f1dafb80,646,ProductViewed,1591813232,Yes
db13fb46-bcd9-4708-b98d-5ec644f61c6a,5763,ProductViewed,1591813258,Yes
db13fb46-bcd9-4708-b98d-5ec644f61c6a,5763,ProductViewed,1591813258,Yes